family,genus,specificEpithet,country,catalogNumber,IndivID,Camera,photoID,id
Characidae,Brachychalcinus,nummus,Ecuador,311296,1,W100-06,DSCN0786.JPG,
Characidae,Brachychalcinus,nummus,Ecuador,311296,1,W100-06,DSCN0787.JPG,
Characidae,Brachychalcinus,nummus,Ecuador,311296,1,Coolpix B500,DSCN0109.JPG,
Characidae,Brachychalcinus,nummus,Ecuador,311296,1,Coolpix B500,DSCN0110.JPG,
Characidae,Brachychalcinus,nummus,Ecuador,311296,2,W100-06,DSCN0788.JPG,
Characidae,Brachychalcinus,nummus,Ecuador,311296,2,W100-06,DSCN0789.JPG,
Characidae,Brachychalcinus,nummus,Ecuador,311296,2,Coolpix B500,DSCN0111.JPG,
Characidae,Brachychalcinus,nummus,Ecuador,311296,2,Coolpix B500,DSCN0112.JPG,
Characidae,Brachychalcinus,nummus,Ecuador,311296,3,W100-06,DSCN0790.JPG,
Characidae,Brachychalcinus,nummus,Ecuador,311296,3,W100-06,DSCN0791.JPG,
Characidae,Brachychalcinus,nummus,Ecuador,311296,3,Coolpix B500,DSCN0113.JPG,
Characidae,Brachychalcinus,nummus,Ecuador,311296,3,Coolpix B500,DSCN0114.JPG,
Characidae,Brachychalcinus,nummus,Peru,229417,1,W100-06,DSCN0792.JPG,B
Characidae,Brachychalcinus,nummus,Peru,229417,1,W100-06,DSCN0793.JPG,B
Characidae,Brachychalcinus,nummus,Peru,229417,1,Coolpix B500,DSCN0115.JPG,B
Characidae,Brachychalcinus,nummus,Peru,229417,1,Coolpix B500,DSCN0116.JPG,B
Characidae,Brachychalcinus,nummus,Peru,229417,2,W100-06,DSCN0794.JPG,A
Characidae,Brachychalcinus,nummus,Peru,229417,2,W100-06,DSCN0795.JPG,A
Characidae,Brachychalcinus,nummus,Peru,229417,2,Coolpix B500,DSCN0117.JPG,A
Characidae,Brachychalcinus,nummus,Peru,229417,2,Coolpix B500,DSCN0118.JPG,A
Characidae,Brachychalcinus,nummus,Peru,229417,3,W100-06,DSCN0796.JPG,C
Characidae,Brachychalcinus,nummus,Peru,229417,3,W100-06,DSCN0797.JPG,C
Characidae,Brachychalcinus,nummus,Peru,229417,3,Coolpix B500,DSCN0119.JPG,C
Characidae,Brachychalcinus,nummus,Peru,229417,3,Coolpix B500,DSCN0120.JPG,C
Characidae,Brachychalcinus,copei,Bolivia,305374,1,W100-06,DSCN0798.JPG,
Characidae,Brachychalcinus,copei,Bolivia,305374,1,W100-06,DSCN0799.JPG,
Characidae,Brachychalcinus,copei,Bolivia,305374,1,Coolpix B500,DSCN0121.JPG,
Characidae,Brachychalcinus,copei,Bolivia,305374,1,Coolpix B500,DSCN0122.JPG,
Characidae,Brachychalcinus,copei,Bolivia,305374,2,W100-06,DSCN0800.JPG,
Characidae,Brachychalcinus,copei,Bolivia,305374,2,W100-06,DSCN0801.JPG,
Characidae,Brachychalcinus,copei,Bolivia,305374,2,Coolpix B500,DSCN0123.JPG,
Characidae,Brachychalcinus,copei,Bolivia,305374,2,Coolpix B500,DSCN0124.JPG,
Characidae,Brachychalcinus,copei,Bolivia,305374,3,W100-06,DSCN0802.JPG,
Characidae,Brachychalcinus,copei,Bolivia,305374,3,W100-06,DSCN0803.JPG,
Characidae,Brachychalcinus,copei,Bolivia,305374,3,Coolpix B500,DSCN0125.JPG,
Characidae,Brachychalcinus,copei,Bolivia,305374,3,Coolpix B500,DSCN0126.JPG,
Gasteropelecidae,Carnegiella,Myersi,Peru,328578,1,W100-06,DSCN0804.JPG,
Gasteropelecidae,Carnegiella,Myersi,Peru,328578,1,Coolpix B500,DSCN0127.JPG,Blurry
Gasteropelecidae,Carnegiella,Myersi,Peru,328578,1,Coolpix B500,DSCN0128.JPG,
Gasteropelecidae,Carnegiella,Myersi,Peru,328578,1,Coolpix B500,DSCN0129.JPG,
Gasteropelecidae,Carnegiella,Myersi,Peru,328578,1,Coolpix B499,DSCN0130.JPG,
Gasteropelecidae,Carnegiella,Myersi,Peru,328578,2,Coolpix B500,DSCN0131.JPG,
Gasteropelecidae,Carnegiella,Myersi,Peru,328578,2,Coolpix B500,DSCN0132.JPG,
Gasteropelecidae,Carnegiella,Myersi,Peru,328578,2,Coolpix B500,DSCN0133.JPG,
Gasteropelecidae,Carnegiella,Myersi,Peru,328578,2,Coolpix B500,DSCN0134.JPG,
Gasteropelecidae,Carnegiella,Myersi,Peru,328578,3,Coolpix B500,DSCN0135.JPG,
Gasteropelecidae,Carnegiella,Myersi,Peru,328578,3,Coolpix B500,DSCN0136.JPG,
Gasteropelecidae,Carnegiella,Myersi,Peru,328578,3,Coolpix B500,DSCN0137.JPG,
Gasteropelecidae,Carnegiella,Myersi,Peru,328578,3,Coolpix B500,DSCN0138.JPG,
Gasteropelecidae,Carnegiella,Myersi,Peru,331782,1,Coolpix B500,DSCN0139.JPG,
Gasteropelecidae,Carnegiella,Myersi,Peru,331782,1,Coolpix B500,DSCN0140.JPG,
Gasteropelecidae,Carnegiella,Myersi,Peru,331782,1,Coolpix B500,DSCN0141.JPG,
Gasteropelecidae,Carnegiella,Myersi,Peru,331782,1,Coolpix B500,DSCN0142.JPG,
Gasteropelecidae,Carnegiella,Myersi,Peru,331782,2,Coolpix B500,DSCN0143.JPG,
Gasteropelecidae,Carnegiella,Myersi,Peru,331782,2,Coolpix B500,DSCN0144.JPG,
Gasteropelecidae,Carnegiella,Myersi,Peru,331782,2,Coolpix B500,DSCN0145.JPG,
Gasteropelecidae,Carnegiella,Myersi,Peru,331782,2,Coolpix B500,DSCN0146.JPG,
Gasteropelecidae,Carnegiella,Myersi,Peru,331782,3,Coolpix B500,DSCN0147.JPG,
Gasteropelecidae,Carnegiella,Myersi,Peru,331782,3,Coolpix B500,DSCN0148.JPG,
Gasteropelecidae,Carnegiella,Myersi,Peru,331782,3,Coolpix B500,DSCN0149.JPG,
Gasteropelecidae,Carnegiella,Myersi,Peru,331782,3,Coolpix B500,DSCN0150.JPG,
Gasteropelecidae,Carnegiella,Myersi,Peru,331782,4,Coolpix B500,DSCN0151.JPG,
Gasteropelecidae,Carnegiella,Myersi,Peru,331782,4,Coolpix B500,DSCN0152.JPG,
Gasteropelecidae,Carnegiella,Myersi,Peru,331782,4,Coolpix B500,DSCN0153.JPG,
Gasteropelecidae,Carnegiella,Myersi,Peru,331782,4,Coolpix B500,DSCN0154.JPG,
Gasteropelecidae,Carnegiella,Myersi,Peru,331782,5,Coolpix B500,DSCN0155.JPG,
Gasteropelecidae,Carnegiella,Myersi,Peru,331782,5,Coolpix B500,DSCN0156.JPG,
Gasteropelecidae,Carnegiella,Myersi,Peru,331782,5,Coolpix B500,DSCN0157.JPG,
Gasteropelecidae,Carnegiella,Myersi,Peru,331782,5,Coolpix B500,DSCN0158.JPG,Here
Gasteropelecidae,Carnegiella,Myersi,Bolivia,359742,1,Coolpix B500,DSCN0159.JPG,
Gasteropelecidae,Carnegiella,Myersi,Bolivia,359742,1,Coolpix B500,DSCN0160.JPG,
Gasteropelecidae,Carnegiella,Myersi,Bolivia,359742,1,Coolpix B500,DSCN0161.JPG,
Gasteropelecidae,Carnegiella,Myersi,Bolivia,359742,1,Coolpix B500,DSCN0162.JPG,
Gasteropelecidae,Carnegiella,Myersi,Bolivia,359742,2,Coolpix B500,DSCN0163.JPG,
Gasteropelecidae,Carnegiella,Myersi,Bolivia,359742,2,Coolpix B500,DSCN0164.JPG,
Gasteropelecidae,Carnegiella,Myersi,Bolivia,359742,2,Coolpix B500,DSCN0165.JPG,
Gasteropelecidae,Carnegiella,Myersi,Bolivia,359742,2,Coolpix B500,DSCN0166.JPG,
Gasteropelecidae,Carnegiella,Myersi,Bolivia,359742,3,Coolpix B500,DSCN0167.JPG,
Gasteropelecidae,Carnegiella,Myersi,Bolivia,359742,3,Coolpix B500,DSCN0168.JPG,
Gasteropelecidae,Carnegiella,Myersi,Bolivia,359742,3,Coolpix B500,DSCN0169.JPG,
Gasteropelecidae,Carnegiella,Myersi,Bolivia,359742,3,Coolpix B500,DSCN0170.JPG,
Gasteropelecidae,Carnegiella,Myersi,Bolivia,359742,4,Coolpix B500,DSCN0171.JPG,
Gasteropelecidae,Carnegiella,Myersi,Bolivia,359742,4,Coolpix B500,DSCN0172.JPG,
Gasteropelecidae,Carnegiella,Myersi,Bolivia,359742,4,Coolpix B500,DSCN0173.JPG,
Gasteropelecidae,Carnegiella,Myersi,Bolivia,359742,4,Coolpix B500,DSCN0174.JPG,
Gasteropelecidae,Carnegiella,Myersi,Bolivia,359742,4,Coolpix B500,DSCN0175.JPG,
Gasteropelecidae,Carnegiella,strigata,Peru,167823,1,Coolpix B500,DSCN0176.JPG,
Gasteropelecidae,Carnegiella,strigata,Peru,167823,1,Coolpix B500,DSCN0177.JPG,
Gasteropelecidae,Carnegiella,strigata,Peru,167823,1,Coolpix B500,DSCN0178.JPG,
Gasteropelecidae,Carnegiella,strigata,Peru,167823,1,Coolpix B500,DSCN0179.JPG,
Gasteropelecidae,Carnegiella,strigata,Peru,167823,1,Coolpix B500,DSCN0180.JPG,
Gasteropelecidae,Carnegiella,strigata,Peru,167823,1,Coolpix B500,DSCN0181.JPG,
Gasteropelecidae,Carnegiella,strigata,Peru,167823,2,Coolpix B500,DSCN0182.JPG,
Gasteropelecidae,Carnegiella,strigata,Peru,167823,2,Coolpix B500,DSCN0183.JPG,
Gasteropelecidae,Carnegiella,strigata,Peru,167823,2,Coolpix B500,DSCN0184.JPG,
Gasteropelecidae,Carnegiella,strigata,Peru,167823,2,Coolpix B500,DSCN0185.JPG,
Gasteropelecidae,Carnegiella,strigata,Peru,167823,3,Coolpix B500,DSCN0186.JPG,
Gasteropelecidae,Carnegiella,strigata,Peru,167823,3,Coolpix B500,DSCN0187.JPG,
Gasteropelecidae,Carnegiella,strigata,Peru,167823,3,Coolpix B500,DSCN0188.JPG,
Gasteropelecidae,Carnegiella,strigata,Peru,167823,3,Coolpix B500,DSCN0189.JPG,
Gasteropelecidae,Carnegiella,strigata,Peru,167823,4,Coolpix B500,DSCN0190.JPG,
Gasteropelecidae,Carnegiella,strigata,Peru,167823,4,Coolpix B500,DSCN0191.JPG,
Gasteropelecidae,Carnegiella,strigata,Peru,167823,4,Coolpix B500,DSCN0192.JPG,
Gasteropelecidae,Carnegiella,strigata,Peru,167823,4,Coolpix B500,DSCN0193.JPG,
Gasteropelecidae,Carnegiella,strigata,Peru,167823,5,Coolpix B500,DSCN0194.JPG,
Gasteropelecidae,Carnegiella,strigata,Peru,167823,5,Coolpix B500,DSCN0195.JPG,
Gasteropelecidae,Carnegiella,strigata,Peru,167823,5,Coolpix B500,DSCN0196.JPG,
Gasteropelecidae,Carnegiella,strigata,Peru,167823,5,Coolpix B500,DSCN0197.JPG,
Gasteropelecidae,Carnegiella,strigata,Suriname,229160,1,Coolpix B500,DSCN0198.JPG,
Gasteropelecidae,Carnegiella,strigata,Suriname,229160,1,Coolpix B500,DSCN0199.JPG,
Gasteropelecidae,Carnegiella,strigata,Suriname,229160,1,Coolpix B500,DSCN0200.JPG,
Gasteropelecidae,Carnegiella,strigata,Suriname,229160,1,Coolpix B500,DSCN0201.JPG,
Gasteropelecidae,Carnegiella,strigata,Suriname,229160,2,Coolpix B500,DSCN0202.JPG,
Gasteropelecidae,Carnegiella,strigata,Suriname,229160,2,Coolpix B500,DSCN0203.JPG,
Gasteropelecidae,Carnegiella,strigata,Suriname,229160,2,Coolpix B500,DSCN0204.JPG,
Gasteropelecidae,Carnegiella,strigata,Suriname,229160,2,Coolpix B500,DSCN0205.JPG,
Gasteropelecidae,Carnegiella,strigata,Suriname,229160,3,Coolpix B500,DSCN0206.JPG,
Gasteropelecidae,Carnegiella,strigata,Suriname,229160,3,Coolpix B500,DSCN0207.JPG,
Gasteropelecidae,Carnegiella,strigata,Suriname,229160,3,Coolpix B500,DSCN0208.JPG,
Gasteropelecidae,Carnegiella,strigata,Suriname,229160,3,Coolpix B500,DSCN0209.JPG,
Gasteropelecidae,Carnegiella,strigata,Suriname,229160,4,Coolpix B500,DSCN0210.JPG,
Gasteropelecidae,Carnegiella,strigata,Suriname,229160,4,Coolpix B500,DSCN0211.JPG,
Gasteropelecidae,Carnegiella,strigata,Suriname,229160,4,Coolpix B500,DSCN0212.JPG,
Gasteropelecidae,Carnegiella,strigata,Suriname,229160,4,Coolpix B500,DSCN0213.JPG,
Gasteropelecidae,Carnegiella,strigata,Suriname,229160,4,Coolpix B500,DSCN0214.JPG,
Gasteropelecidae,Carnegiella,strigata,Suriname,229160,5,Coolpix B500,DSCN0215.JPG,
Gasteropelecidae,Carnegiella,strigata,Suriname,229160,5,Coolpix B500,DSCN0216.JPG,
Gasteropelecidae,Carnegiella,strigata,Suriname,229160,5,Coolpix B500,DSCN0217.JPG,
Gasteropelecidae,Carnegiella,strigata,Suriname,229160,5,Coolpix B500,DSCN0218.JPG,
Gasteropelecidae,Carnegiella,strigata,Suriname,229160,6,Coolpix B500,DSCN0219.JPG,
Gasteropelecidae,Carnegiella,strigata,Suriname,229160,6,Coolpix B500,DSCN0220.JPG,
Gasteropelecidae,Carnegiella,strigata,Suriname,229160,6,Coolpix B500,DSCN0221.JPG,
Gasteropelecidae,Carnegiella,strigata,Suriname,229160,6,Coolpix B500,DSCN0222.JPG,
Gasteropelecidae,Carnegiella,strigata,Suriname,229160,7,Coolpix B500,DSCN0223.JPG,
Gasteropelecidae,Carnegiella,strigata,Suriname,229160,7,Coolpix B500,DSCN0224.JPG,
Gasteropelecidae,Carnegiella,strigata,Suriname,229160,7,Coolpix B500,DSCN0225.JPG,
Gasteropelecidae,Carnegiella,strigata,Suriname,229160,7,Coolpix B500,DSCN0226.JPG,
Pimelodidae,Calophysus,macropterus,Peru,124874,1,Coolpix B500,DSCN0227.JPG,
Pimelodidae,Calophysus,macropterus,Peru,124874,1,Coolpix B500,DSCN0228.JPG,
Pimelodidae,Calophysus,macropterus,Peru,124874,1,Coolpix B500,DSCN0229.JPG,
Pimelodidae,Calophysus,macropterus,Peru,124874,1,Coolpix B500,DSCN0230.JPG,
Pimelodidae,Calophysus,macropterus,Peru,124874,2,Coolpix B500,DSCN0231.JPG,
Pimelodidae,Calophysus,macropterus,Peru,124874,2,Coolpix B500,DSCN0232.JPG,
Pimelodidae,Calophysus,macropterus,Peru,124874,2,Coolpix B500,DSCN0233.JPG,
Pimelodidae,Calophysus,macropterus,Peru,124874,2,Coolpix B500,DSCN0234.JPG,
Pimelodidae,Calophysus,macropterus,Brazil,247231,1,Coolpix B500,DSCN0235.JPG,
Pimelodidae,Calophysus,macropterus,Brazil,247231,1,Coolpix B500,DSCN0236.JPG,
Pimelodidae,Calophysus,macropterus,Brazil,247231,1,Coolpix B500,DSCN0237.JPG,
Pimelodidae,Calophysus,macropterus,Brazil,247231,1,Coolpix B500,DSCN0238.JPG,
Pimelodidae,Calophysus,macropterus,Brazil,247231,1,Coolpix B500,DSCN0239.JPG,
Pimelodidae,Calophysus,macropterus,Brazil,247231,1,Coolpix B500,DSCN0240.JPG,
Pimelodidae,Calophysus,macropterus,Brazil,247231,2,Coolpix B500,DSCN0241.JPG,
Pimelodidae,Calophysus,macropterus,Brazil,247231,2,Coolpix B500,DSCN0242.JPG,
Pimelodidae,Calophysus,macropterus,Brazil,247231,2,Coolpix B500,DSCN0243.JPG,
Pimelodidae,Calophysus,macropterus,Brazil,247231,2,Coolpix B500,DSCN0244.JPG,
Pimelodidae,Calophysus,macropterus,Brazil,247231,2,Coolpix B500,DSCN0245.JPG,
Pimelodidae,Calophysus,macropterus,Brazil,247231,2,Coolpix B500,DSCN0246.JPG,
Pimelodidae,Calophysus,macropterus,Brazil,247231,3,Coolpix B500,DSCN0247.JPG,
Pimelodidae,Calophysus,macropterus,Brazil,247231,3,Coolpix B500,DSCN0248.JPG,
Pimelodidae,Calophysus,macropterus,Brazil,247231,3,Coolpix B500,DSCN0249.JPG,
Pimelodidae,Calophysus,macropterus,Brazil,247231,3,Coolpix B500,DSCN0250.JPG,
Pimelodidae,Calophysus,macropterus,Brazil,247231,3,Coolpix B500,DSCN0251.JPG,
Pimelodidae,Calophysus,macropterus,Brazil,247231,3,Coolpix B500,DSCN0252.JPG,
Pimelodidae,Calophysus,macropterus,Venezuela,233859,1,Coolpix B500,DSCN0253.JPG,
Pimelodidae,Calophysus,macropterus,Venezuela,233859,1,Coolpix B500,DSCN0254.JPG,
Pimelodidae,Calophysus,macropterus,Venezuela,233859,1,Coolpix B500,DSCN0255.JPG,
Pimelodidae,Calophysus,macropterus,Venezuela,233859,1,Coolpix B500,DSCN0256.JPG,
Pimelodidae,Calophysus,macropterus,Venezuela,233859,1,Coolpix B500,DSCN0257.JPG,
Pimelodidae,Calophysus,macropterus,Venezuela,233859,1,Coolpix B500,DSCN0258.JPG,
Pimelodidae,Calophysus,macropterus,Brazil,247232,1,Coolpix B500,DSCN0259.JPG,
Pimelodidae,Calophysus,macropterus,Brazil,247232,1,Coolpix B500,DSCN0260.JPG,
Pimelodidae,Calophysus,macropterus,Brazil,247232,1,Coolpix B500,DSCN0261.JPG,
Pimelodidae,Calophysus,macropterus,Brazil,247232,1,Coolpix B500,DSCN0262.JPG,
Pimelodidae,Calophysus,macropterus,Brazil,247232,1,Coolpix B500,DSCN0263.JPG,
Pimelodidae,Calophysus,macropterus,Brazil,247232,1,Coolpix B500,DSCN0264.JPG,
Pimelodidae,Calophysus,macropterus,Brazil,376340,1,Coolpix B500,DSCN0265.JPG,
Pimelodidae,Calophysus,macropterus,Brazil,376340,1,Coolpix B500,DSCN0266.JPG,
Pimelodidae,Calophysus,macropterus,Brazil,376340,1,Coolpix B500,DSCN0267.JPG,
Pimelodidae,Calophysus,macropterus,Brazil,376340,1,Coolpix B500,DSCN0268.JPG,
Pimelodidae,Calophysus,macropterus,Brazil,376340,2,Coolpix B500,DSCN0269.JPG,
Pimelodidae,Calophysus,macropterus,Brazil,376340,2,Coolpix B500,DSCN0270.JPG,
Pimelodidae,Calophysus,macropterus,Brazil,376340,2,Coolpix B500,DSCN0271.JPG,
Pimelodidae,Calophysus,macropterus,Brazil,376340,2,Coolpix B500,DSCN0272.JPG,
Pimelodidae,Calophysus,macropterus,Brazil,376340,3,Coolpix B500,DSCN0273.JPG,
Pimelodidae,Calophysus,macropterus,Brazil,376340,3,Coolpix B500,DSCN0274.JPG,
Pimelodidae,Calophysus,macropterus,Brazil,376340,3,Coolpix B500,DSCN0275.JPG,
Pimelodidae,Calophysus,macropterus,Brazil,376340,3,Coolpix B500,DSCN0276.JPG,
Ctenoluciidae,Boulengerella,cuvieri,Guyana,403714,1,W100,DSCN0584.JPG,
Ctenoluciidae,Boulengerella,cuvieri,Guyana,403714,1,W100,DSCN0585.JPG,
Ctenoluciidae,Boulengerella,cuvieri,Guyana,403714,1,W100,DSCN0586.JPG,
Ctenoluciidae,Boulengerella,cuvieri,Guyana,403714,1,Coolpix B500,DSCN0001.JPG,
Ctenoluciidae,Boulengerella,cuvieri,Guyana,403714,1,Coolpix B500,DSCN0002.JPG,
Ctenoluciidae,Boulengerella,cuvieri,Guyana,403714,1,Coolpix B500,DSCN0003.JPG,
Ctenoluciidae,Boulengerella,cuvieri,Guyana,403715,1,W100,DSCN0587.JPG,
Ctenoluciidae,Boulengerella,cuvieri,Guyana,403715,1,W100,DSCN0588.JPG,
Ctenoluciidae,Boulengerella,cuvieri,Guyana,403715,1,Coolpix B500,DSCN0004.JPG,
Ctenoluciidae,Boulengerella,cuvieri,Guyana,403715,1,Coolpix B500,DSCN0005.JPG,
Ctenoluciidae,Boulengerella,cuvieri,Venezuela,309215,1,W100,DSCN0589.JPG,
Ctenoluciidae,Boulengerella,cuvieri,Venezuela,309215,1,W100,DSCN0590.JPG,
Ctenoluciidae,Boulengerella,cuvieri,Venezuela,309215,1,W100,DSCN0591.JPG,
Ctenoluciidae,Boulengerella,cuvieri,Venezuela,309215,1,Coolpix B500,DSCN0006.JPG,
Ctenoluciidae,Boulengerella,cuvieri,Venezuela,309215,1,Coolpix B500,DSCN0007.JPG,
Ctenoluciidae,Boulengerella,cuvieri,Venezuela,309215,1,Coolpix B500,DSCN0008.JPG,
Ctenoluciidae,Boulengerella,cuvieri,Venezuela,270341,1,W100,DSCN0592.JPG,
Ctenoluciidae,Boulengerella,cuvieri,Venezuela,270341,1,W100,DSCN0593.JPG,
Ctenoluciidae,Boulengerella,cuvieri,Venezuela,270341,1,Coolpix B500,DSCN0009.JPG,
Ctenoluciidae,Boulengerella,cuvieri,Venezuela,270341,1,Coolpix B500,DSCN0010.JPG,
Ctenoluciidae,Boulengerella,cuvieri,Peru,280451,1,W100,DSCN0594.JPG,
Ctenoluciidae,Boulengerella,cuvieri,Peru,280541,1,W100,DSCN0595.JPG,
Ctenoluciidae,Boulengerella,cuvieri,Peru,280541,1,Coolpix B500,DSCN0011.JPG,
Ctenoluciidae,Boulengerella,cuvieri,Peru,280541,1,Coolpix B500,DSCN0012.JPG,
Ctenoluciidae,Boulengerella,cuvieri,Brazil,191563,1,W100,DSCN0596.JPG,
Ctenoluciidae,Boulengerella,cuvieri,Brazil,191563,1,W100,DSCN0597.JPG,
Ctenoluciidae,Boulengerella,cuvieri,Brazil,191563,1,Coolpix B500,DSCN0013.JPG,
Ctenoluciidae,Boulengerella,cuvieri,Brazil,191563,1,Coolpix B500,DSCN0014.JPG,
Ctenoluciidae,Boulengerella,cuvieri,Brazil,191563,2,W100,DSCN0598.JPG,
Ctenoluciidae,Boulengerella,cuvieri,Brazil,191563,2,W100,DSCN0599.JPG,
Ctenoluciidae,Boulengerella,cuvieri,Brazil,191563,2,Coolpix B500,DSCN0015.JPG,
Ctenoluciidae,Boulengerella,cuvieri,Brazil,191563,2,Coolpix B500,DSCN0016.JPG,
Ctenoluciidae,Boulengerella,cuvieri,Brazil,191563,3,W100,DSCN0600.JPG,
Ctenoluciidae,Boulengerella,cuvieri,Brazil,191563,3,W100,DSCN0601.JPG,
Ctenoluciidae,Boulengerella,cuvieri,Brazil,191563,3,Coolpix B500,DSCN0017.JPG,
Ctenoluciidae,Boulengerella,cuvieri,Brazil,191563,3,Coolpix B500,DSCN0018.JPG,
Ctenoluciidae,Boulengerella,cuvieri,Guyana,403708,1,W100,DSCN0602.JPG,
Ctenoluciidae,Boulengerella,cuvieri,Guyana,403708,1,W100,DSCN0603.JPG,
Ctenoluciidae,Boulengerella,cuvieri,Guyana,403708,1,Coolpix B500,DSCN0019.JPG,
Ctenoluciidae,Boulengerella,cuvieri,Guyana,403708,1,Coolpix B500,DSCN0020.JPG,
Ctenoluciidae,Boulengerella,cuvieri,Guyana,403709,1,W100,DSCN0604.JPG,
Ctenoluciidae,Boulengerella,cuvieri,Guyana,403709,1,W100,DSCN0605.JPG,
Ctenoluciidae,Boulengerella,cuvieri,Guyana,403709,1,Coolpix B500,DSCN0021.JPG,
Ctenoluciidae,Boulengerella,cuvieri,Guyana,403709,1,Coolpix B500,DSCN0022.JPG,
Ctenoluciidae,Boulengerella,cuvieri,Guyana,66208,1,W100,DSCN0606.JPG,
Ctenoluciidae,Boulengerella,cuvieri,Guyana,66208,1,W100,DSCN0607.JPG,
Ctenoluciidae,Boulengerella,cuvieri,Guyana,66208,1,Coolpix B500,DSCN0023.JPG,
Ctenoluciidae,Boulengerella,cuvieri,Guyana,66208,1,Coolpix B500,DSCN0024.JPG,
Ctenoluciidae,Boulengerella,cuvieri,Venezuela,226266,1,W100,DSCN0608.JPG,
Ctenoluciidae,Boulengerella,cuvieri,Venezuela,226266,1,W100,DSCN0609.JPG,
Ctenoluciidae,Boulengerella,cuvieri,Venezuela,226266,1,Coolpix B500,DSCN0025.JPG,
Ctenoluciidae,Boulengerella,cuvieri,Venezuela,226266,1,Coolpix B500,DSCN0026.JPG,
Hypopomidae,Brachyhypopomus,brevirostris,Brazil,306921,1,W100,DSCN0610.JPG,
Hypopomidae,Brachyhypopomus,brevirostris,Brazil,306921,1,W100,DSCN0611.JPG,
Hypopomidae,Brachyhypopomus,brevirostris,Brazil,306921,1,Coolpix B500,DSCN0027.JPG,
Hypopomidae,Brachyhypopomus,brevirostris,Brazil,306921,1,Coolpix B500,DSCN0028.JPG,
Hypopomidae,Brachyhypopomus,brevirostris,Brazil,306868,1,W100,DSCN0612.JPG,
Hypopomidae,Brachyhypopomus,brevirostris,Brazil,306868,1,W100,DSCN0613.JPG,
Hypopomidae,Brachyhypopomus,brevirostris,Brazil,306868,1,Coolpix B500,DSCN0029.JPG,
Hypopomidae,Brachyhypopomus,brevirostris,Brazil,306868,1,Coolpix B500,DSCN0030.JPG,
Hypopomidae,Brachyhypopomus,brevirostris,Brazil,306868,2,W100,DSCN0614.JPG,
Hypopomidae,Brachyhypopomus,brevirostris,Brazil,306868,2,W100,DSCN0615.JPG,
Hypopomidae,Brachyhypopomus,brevirostris,Brazil,306868,2,Coolpix B500,DSCN0031.JPG,
Hypopomidae,Brachyhypopomus,brevirostris,Brazil,306868,2,Coolpix B500,DSCN0032.JPG,
Hypopomidae,Brachyhypopomus,brevirostris,Peru,264073,1,W100,DSCN0616.JPG,
Hypopomidae,Brachyhypopomus,brevirostris,Peru,264073,1,W100,DSCN0617.JPG,
Hypopomidae,Brachyhypopomus,brevirostris,Peru,264073,1,Coolpix B500,DSCN0033.JPG,
Hypopomidae,Brachyhypopomus,brevirostris,Peru,264073,1,Coolpix B500,DSCN0034.JPG,
Hypopomidae,Brachyhypopomus,brevirostris,Suriname,302005,1,W100,DSCN0618.JPG,
Hypopomidae,Brachyhypopomus,brevirostris,Suriname,302005,1,W100,DSCN0619.JPG,
Hypopomidae,Brachyhypopomus,brevirostris,Suriname,302005,1,Coolpix B500,DSCN0035.JPG,
Hypopomidae,Brachyhypopomus,brevirostris,Suriname,302005,1,Coolpix B500,DSCN0036.JPG,
Hypopomidae,Brachyhypopomus,brevirostris,Brazil,306878,1,W100,DSCN0620.JPG,
Hypopomidae,Brachyhypopomus,brevirostris,Brazil,306878,1,W100,DSCN0621.JPG,
Hypopomidae,Brachyhypopomus,brevirostris,Brazil,306878,1,Coolpix B500,DSCN0037.JPG,
Hypopomidae,Brachyhypopomus,brevirostris,Brazil,306878,1,Coolpix B500,DSCN0038.JPG,
Hypopomidae,Brachyhypopomus,brevirostris,Brazil,306904,1,W100,DSCN0622.JPG,
Hypopomidae,Brachyhypopomus,brevirostris,Brazil,306904,1,W100,DSCN0623.JPG,
Hypopomidae,Brachyhypopomus,brevirostris,Brazil,306904,1,Coolpix B500,DSCN0039.JPG,
Hypopomidae,Brachyhypopomus,brevirostris,Brazil,306904,1,Coolpix B500,DSCN0040.JPG,
Hypopomidae,Brachyhypopomus,brevirostris,Brazil,306904,2,W100,DSCN0624.JPG,
Hypopomidae,Brachyhypopomus,brevirostris,Brazil,306904,2,W100,DSCN0625.JPG,
Hypopomidae,Brachyhypopomus,brevirostris,Brazil,306904,2,Coolpix B500,DSCN0041.JPG,
Hypopomidae,Brachyhypopomus,brevirostris,Brazil,306904,2,Coolpix B500,DSCN0042.JPG,
Hypopomidae,Brachyhypopomus,brevirostris,Brazil,306904,3,W100,DSCN0626.JPG,
Hypopomidae,Brachyhypopomus,brevirostris,Brazil,306904,3,W100,DSCN0627.JPG,
Hypopomidae,Brachyhypopomus,brevirostris,Brazil,306904,3,Coolpix B500,DSCN0043.JPG,
Hypopomidae,Brachyhypopomus,brevirostris,Brazil,306904,3,Coolpix B500,DSCN0044.JPG,
Hypopomidae,brachyhypopomus,brevirostris,Brazil,198081,1,W100,DSCN0628.JPG,
Hypopomidae,brachyhypopomus,brevirostris,Brazil,198081,1,W100,DSCN0629.JPG,
Hypopomidae,brachyhypopomus,brevirostris,Brazil,198081,1,Coolpix B500,DSCN0045.JPG,
Hypopomidae,brachyhypopomus,brevirostris,Brazil,198081,1,Coolpix B500,DSCN0046.JPG,
Hypopomidae,brachyhypopomus,brevirostris,Brazil,198081,2,W100,DSCN0630.JPG,
Hypopomidae,brachyhypopomus,brevirostris,Brazil,198081,2,W100,DSCN0631.JPG,
Hypopomidae,brachyhypopomus,brevirostris,Brazil,198081,2,Coolpix B500,DSCN0047.JPG,
Hypopomidae,brachyhypopomus,brevirostris,Brazil,198081,2,Coolpix B500,DSCN0048.JPG,
Hypopomidae,brachyhypopomus,brevirostris,Brazil,306925,1,W100,DSCN0632.JPG,
Hypopomidae,brachyhypopomus,brevirostris,Brazil,306925,1,W100,DSCN0633.JPG,
Hypopomidae,brachyhypopomus,brevirostris,Brazil,306925,1,Coolpix B500,DSCN0049.JPG,
Hypopomidae,brachyhypopomus,brevirostris,Brazil,306925,1,Coolpix B500,DSCN0050.JPG,
Hypopomidae,brachyhypopomus,beebei,Suriname,225560,1,W100,DSCN0634.JPG,
Hypopomidae,brachyhypopomus,beebei,Suriname,225560,1,W100,DSCN0635.JPG,Switched from CAM05 to CAM06
Hypopomidae,brachyhypopomus,beebei,Suriname,225560,1,Coolpix B500,DSCN0051.JPG,Blurry
Hypopomidae,brachyhypopomus,beebei,Suriname,225560,1,Coolpix B500,DSCN0052.JPG,
Hypopomidae,brachyhypopomus,beebei,Suriname,225560,1,Coolpix B500,DSCN0053.JPG,
Hypopomidae,brachyhypopomus,beebei,Suriname,225557,1,W100,DSCN0736.JPG,
Hypopomidae,brachyhypopomus,beebei,Suriname,225557,1,W100,DSCN0737.JPG,
Hypopomidae,brachyhypopomus,beebei,Suriname,225557,1,Coolpix B500,DSCN0054.JPG,
Hypopomidae,brachyhypopomus,beebei,Suriname,225557,1,Coolpix B500,DSCN0055.JPG,
Hypopomidae,brachyhypopomus,beebei,Suriname,225568,1,W100,DSCN0738.JPG,
Hypopomidae,brachyhypopomus,beebei,Suriname,225568,1,W100,DSCN0739.JPG,
Hypopomidae,brachyhypopomus,beebei,Suriname,225568,1,Coolpix B500,DSCN0056.JPG,
Hypopomidae,brachyhypopomus,beebei,Suriname,225568,1,Coolpix B500,DSCN0057.JPG,
Hypopomidae,brachyhypopomus,beebei,Suriname,225568,2,W100,DSCN0740.JPG,
Hypopomidae,brachyhypopomus,beebei,Suriname,225568,2,W100,DSCN0741.JPG,
Hypopomidae,brachyhypopomus,beebei,Suriname,225568,2,Coolpix B500,DSCN0058.JPG,
Hypopomidae,brachyhypopomus,beebei,Suriname,225568,2,Coolpix B500,DSCN0059.JPG,
Hypopomidae,brachyhypopomus,beebei,Suriname,225559,1,W100,DSCN0742.JPG,
Hypopomidae,brachyhypopomus,beebei,Suriname,225559,1,W100,DSCN0743.JPG,
Hypopomidae,brachyhypopomus,beebei,Suriname,225559,1,Coolpix B500,DSCN0060.JPG,
Hypopomidae,brachyhypopomus,beebei,Suriname,225559,1,Coolpix B500,DSCN0061.JPG,
Hypopomidae,brachyhypopomus,beebei,Suriname,225559,2,W100,DSCN0744.JPG,"could be 2123, numbers changed"
Hypopomidae,brachyhypopomus,beebei,Suriname,225559,2,W100,DSCN0745.JPG,
Hypopomidae,brachyhypopomus,beebei,Suriname,225559,2,Coolpix B500,DSCN0062.JPG,
Hypopomidae,brachyhypopomus,beebei,Suriname,225559,2,Coolpix B500,DSCN0063.JPG,
Hypopomidae,brachyhypopomus,beebei,Suriname,225558,1,W100,DSCN0746.JPG,
Hypopomidae,brachyhypopomus,beebei,Suriname,225558,1,W100,DSCN0747.JPG,
Hypopomidae,brachyhypopomus,beebei,Suriname,225558,1,Coolpix B500,DSCN0064.JPG,
Hypopomidae,brachyhypopomus,beebei,Suriname,225558,1,Coolpix B500,DSCN0065.JPG,
Hypopomidae,brachyhypopomus,beebei,Suriname,225558,2,W100,DSCN0748.JPG,
Hypopomidae,brachyhypopomus,beebei,Suriname,225558,2,W100,DSCN07489.JPG,Numbers may have changed? Could be 2128
Hypopomidae,brachyhypopomus,beebei,Suriname,225558,2,Coolpix B500,DSCN0066.JPG,
Hypopomidae,brachyhypopomus,beebei,Suriname,225558,2,Coolpix B500,DSCN0067.JPG,
Acestrorhynchidae,Acestrorhynchus,falcatus,Peru,263851,1,W100-06,DSCN0750.JPG,
Acestrorhynchidae,Acestrorhynchus,falcatus,Peru,263851,1,W100-06,DSCN0751.JPG,
Acestrorhynchidae,Acestrorhynchus,falcatus,Peru,263851,1,Coolpix B500,DSCN0068.JPG,
Acestrorhynchidae,Acestrorhynchus,falcatus,Peru,263851,1,Coolpix B500,DSCN0069.JPG,
Acestrorhynchidae,Acestrorhynchus,falcatus,Suriname,226121,1,W100-06,DSCN0752.JPG,
Acestrorhynchidae,Acestrorhynchus,falcatus,Suriname,226121,1,W100-06,DSCN0753.JPG,
Acestrorhynchidae,Acestrorhynchus,falcatus,Suriname,226121,1,Coolpix B500,DSCN0070.JPG,
Acestrorhynchidae,Acestrorhynchus,falcatus,Suriname,226121,1,Coolpix B500,DSCN0071.JPG,
Acestrorhynchidae,Acestrorhynchus,falcatus,Suriname,226121,2,W100-06,DSCN0754.JPG,
Acestrorhynchidae,Acestrorhynchus,falcatus,Suriname,226121,2,W100-06,DSCN0755.JPG,
Acestrorhynchidae,Acestrorhynchus,falcatus,Suriname,226121,2,Coolpix B500,DSCN0072.JPG,
Acestrorhynchidae,Acestrorhynchus,falcatus,Suriname,226121,2,Coolpix B500,DSCN0073.JPG,
Acestrorhynchidae,Acestrorhynchus,falcatus,Suriname,226121,3,W100-06,DSCN0756.JPG,
Acestrorhynchidae,Acestrorhynchus,falcatus,Suriname,226121,3,W100-06,DSCN0757.JPG,
Acestrorhynchidae,Acestrorhynchus,falcatus,Suriname,226121,3,Coolpix B500,DSCN0074.JPG,
Acestrorhynchidae,Acestrorhynchus,falcatus,Suriname,226121,3,Coolpix B500,DSCN0075.JPG,
Acestrorhynchidae,Acestrorhynchus,falcatus,Suriname,226121,4,W100-06,DSCN0758.JPG,
Acestrorhynchidae,Acestrorhynchus,falcatus,Suriname,226121,4,W100-06,DSCN0759.JPG,
Acestrorhynchidae,Acestrorhynchus,falcatus,Suriname,226121,4,Coolpix B500,DSCN0076.JPG,
Acestrorhynchidae,Acestrorhynchus,falcatus,Suriname,226121,4,Coolpix B500,DSCN0077.JPG,
Acestrorhynchidae,Acestrorhynchus,falcatus,Suriname,226121,5,W100-06,DSCN0760.JPG,
Acestrorhynchidae,Acestrorhynchus,falcatus,Suriname,226121,5,W100-06,DSCN0761.JPG,
Acestrorhynchidae,Acestrorhynchus,falcatus,Suriname,226121,5,Coolpix B500,DSCN0078.JPG,
Acestrorhynchidae,Acestrorhynchus,falcatus,Suriname,226121,5,Coolpix B500,DSCN0079.JPG,
Acestrorhynchidae,Acestrorhynchus,falcatus,Suriname,226121,6,W100-06,DSCN0762.JPG,
Acestrorhynchidae,Acestrorhynchus,falcatus,Suriname,226121,6,W100-06,DSCN0763.JPG,
Acestrorhynchidae,Acestrorhynchus,falcatus,Suriname,226121,6,Coolpix B500,DSCN0080.JPG,
Acestrorhynchidae,Acestrorhynchus,falcatus,Suriname,226121,6,Coolpix B500,DSCN0081.JPG,
Acestrorhynchidae,Acestrorhynchus,falcatus,Suriname,226121,7,W100-06,DSCN0764.JPG,
Acestrorhynchidae,Acestrorhynchus,falcatus,Suriname,226121,7,W100-06,DSCN0765.JPG,
Acestrorhynchidae,Acestrorhynchus,falcatus,Suriname,226121,7,Coolpix B500,DSCN0082.JPG,
Acestrorhynchidae,Acestrorhynchus,falcatus,Suriname,226121,7,Coolpix B500,DSCN0083.JPG,
Acestrorhynchidae,Acestrorhynchus,falcatus,Suriname,225499,1,W100-06,DSCN0766.JPG,
Acestrorhynchidae,Acestrorhynchus,falcatus,Suriname,225499,1,W100-06,DSCN0767.JPG,
Acestrorhynchidae,Acestrorhynchus,falcatus,Suriname,225499,1,Coolpix B500,DSCN0084.JPG,
Acestrorhynchidae,Acestrorhynchus,falcatus,Suriname,225499,1,Coolpix B500,DSCN0085.JPG,
Acestrorhynchidae,Acestrorhynchus,falcatus,Peru,229405,1,W100-06,DSCN0768.JPG,
Acestrorhynchidae,Acestrorhynchus,falcatus,Peru,229405,1,W100-06,DSCN0769.JPG,
Acestrorhynchidae,Acestrorhynchus,falcatus,Peru,229405,1,Coolpix B500,DSCN0086.JPG,
Acestrorhynchidae,Acestrorhynchus,falcatus,Peru,229405,1,Coolpix B500,DSCN0087.JPG,
Acestrorhynchidae,Acestrorhynchus,falcatus,Peru,319607,1,W100-06,DSCN0770.JPG,
Acestrorhynchidae,Acestrorhynchus,falcatus,Peru,319607,1,W100-06,DSCN0771.JPG,
Acestrorhynchidae,Acestrorhynchus,falcatus,Peru,319607,1,Coolpix B500,DSCN0088.JPG,
Acestrorhynchidae,Acestrorhynchus,falcatus,Peru,319607,1,Coolpix B500,DSCN0089.JPG,
Acestrorhynchidae,Acestrorhynchus,falcatus,Peru,319607,2,W100-06,DSCN0772.JPG,
Acestrorhynchidae,Acestrorhynchus,falcatus,Peru,319607,2,W100-06,DSCN0773.JPG,
Acestrorhynchidae,Acestrorhynchus,falcatus,Peru,319607,2,Coolpix B500,DSCN0090.JPG,
Acestrorhynchidae,Acestrorhynchus,falcatus,Peru,319607,2,Coolpix B500,DSCN0091.JPG,
Acestrorhynchidae,Acestrorhynchus,falcatus,Peru,229406,1,W100-06,DSCN0774.JPG,
Acestrorhynchidae,Acestrorhynchus,falcatus,Peru,229406,1,W100-06,DSCN0775.JPG,
Acestrorhynchidae,Acestrorhynchus,falcatus,Peru,229406,1,Coolpix B500,DSCN0092.JPG,
Acestrorhynchidae,Acestrorhynchus,falcatus,Peru,229406,1,Coolpix B500,DSCN0093.JPG,
Acestrorhynchidae,Acestrorhynchus,falcatus,Venezuela,309213,1,W100-06,DSCN0776.JPG,
Acestrorhynchidae,Acestrorhynchus,falcatus,Venezuela,309213,1,W100-06,DSCN0777.JPG,
Acestrorhynchidae,Acestrorhynchus,falcatus,Venezuela,309213,1,Coolpix B500,DSCN0094.JPG,
Acestrorhynchidae,Acestrorhynchus,falcatus,Venezuela,309213,1,Coolpix B500,DSCN0095.JPG,
Acestrorhynchidae,Acestrorhynchus,falcatus,Venezuela,309213,1,Coolpix B500,DSCN0096.JPG,
Trichomycteridae,Acanthopoma,annectens,Brazil,376535,1,W100-06,DSCN0778.JPG,
Trichomycteridae,Acanthopoma,annectens,Brazil,376535,1,W100-06,DSCN0779.JPG,
Trichomycteridae,Acanthopoma,annectens,Brazil,376535,1,Coolpix B500,DSCN0097.JPG,
Trichomycteridae,Acanthopoma,annectens,Brazil,376535,1,Coolpix B500,DSCN0098.JPG,
Trichomycteridae,Acanthopoma,annectens,Brazil,376535,1,Coolpix B500,DSCN0099.JPG,
Trichomycteridae,Acanthopoma,annectens,Brazil,376535,1,Coolpix B500,DSCN0100.JPG,
Trichomycteridae,Acanthopoma,annectens,Ecuador,207690,1,W100-06,DSCN0780.JPG,
Trichomycteridae,Acanthopoma,annectens,Ecuador,207690,1,W100-06,DSCN0781.JPG,
Trichomycteridae,Acanthopoma,annectens,Ecuador,207690,1,Coolpix B500,DSCN0101.JPG,
Trichomycteridae,Acanthopoma,annectens,Ecuador,207690,1,Coolpix B500,DSCN0102.JPG,
Trichomycteridae,Acanthopoma,annectens,Brazil,376536,1,W100-06,DSCN0782.JPG,
Trichomycteridae,Acanthopoma,annectens,Brazil,376536,1,W100-06,DSCN0783.JPG,
Trichomycteridae,Acanthopoma,annectens,Brazil,376536,1,Coolpix B500,DSCN0103.JPG,
Trichomycteridae,Acanthopoma,annectens,Brazil,376536,1,Coolpix B500,DSCN0104.JPG,
Trichomycteridae,Acanthopoma,bondi,Venezuela,349377,1,W100-06,DSCN0784.JPG,
Trichomycteridae,Acanthopoma,bondi,Venezuela,349377,1,W100-06,DSCN0785.JPG,
Trichomycteridae,Acanthopoma,bondi,Venezuela,349377,1,Coolpix B500,DSCN0105.JPG,Blurry
Trichomycteridae,Acanthopoma,bondi,Venezuela,349377,1,Coolpix B500,DSCN0106.JPG,Blurry
Trichomycteridae,Acanthopoma,bondi,Venezuela,349377,1,Coolpix B500,DSCN0107.JPG,
Trichomycteridae,Acanthopoma,bondi,Venezuela,349377,1,Coolpix B500,DSCN0108.JPG,