Codigo foto,Carpeta/Subcarpeta,Camara usada,Fecha,Familia,Genero,Especie,CÃ³digo/ ID del individuo*,Descripcion o Ubicacion,Quebrada-transecto ,Colectores ,Metodo de captura 
DSC_0001-CV1-TRAMPA,Peces Morona Nov-2018/PECES CV1 Y CV2,Nikon 5300,11/23/2018,Erythrinidae,Hoplias ,malabaricus,CV1-298,CV1-Mashumbara ,Mashumbara,"Leo, Morgan, Antonio y Perciles ",Red de espera
DSC_0001-CV2-TRAMPA,Peces Morona Nov-2018/PECES CV1 Y CV2,Nikon 5300,11/24/2018,Erythrinidae,Hoplias ,malabaricus,CV2-491,CV2-Katirnaentsa,Katirnaentsa,"Leo, Morgan, Antonio y Perciles ",Red de espera
DSC_0001-KANT1,Peces Morona Nov-2018/PECES CV1 Y CV2,Nikon 5300,11/24/2018,Erythrinidae,Erythrinus ,erythrinus,CV2-299,CV2-Katirnaentsa,Kantashentsa-T1,"Leo, Morgan, Antonio y Perciles ",Red de arrastre
DSC_0002-CV2-TRAMPA,Peces Morona Nov-2018/PECES CV1 Y CV2,Nikon 5300,11/24/2018,Anostomidae,Leporinus,friderici,CV2-492,CV2-Katirnaentsa,Katirnaentsa,"Leo, Morgan, Antonio y Perciles ",Red de espera
DSC_0002-KANT1,Peces Morona Nov-2018/PECES CV1 Y CV2,Nikon 5300,11/24/2018,Cichlidae,Laetacara,flavilabris,CV2-300,CV2-Katirnaentsa,Kantashentsa-T1,"Leo, Morgan, Antonio y Perciles ",Red de arrastre
DSC_0003-CV2-TRAMPA,Peces Morona Nov-2018/PECES CV1 Y CV2,Nikon 5300,11/24/2018,Erythrinidae,Hoplias ,malabaricus,CV2-493,CV2-Katirnaentsa,Katirnaentsa,"Leo, Morgan, Antonio y Perciles ",Red de espera
DSC_0003-KANT1,Peces Morona Nov-2018/PECES CV1 Y CV2,Nikon 5300,11/24/2018,Cichlidae,Bujurquina,moriorum,CV2-301,CV2-Katirnaentsa,Kantashentsa-T1,"Leo, Morgan, Antonio y Perciles ",Red de arrastre
DSC_0004-CV2-TRAMPA,Peces Morona Nov-2018/PECES CV1 Y CV2,Nikon 5300,11/24/2018,Serrasalmidae,Myloplus ,asterias,CV2-494,CV2-Katirnaentsa,Katirnaentsa,"Leo, Morgan, Antonio y Perciles ",Red de espera
DSC_0004-KANT1,Peces Morona Nov-2018/PECES CV1 Y CV2,Nikon 5300,11/24/2018,Cichlidae,Bujurquina,moriorum,CV2-302,CV2-Katirnaentsa,Kantashentsa-T1,"Leo, Morgan, Antonio y Perciles ",Red de arrastre
DSC_0005-CV2-TRAMPA DSC_0006-CV2-TRAMPA ,Peces Morona Nov-2018/PECES CV1 Y CV2,Nikon 5300,11/24/2018,Heptapteridae,Pimelodella,cf. cristata,CV2-495,CV2-Katirnaentsa,Katirnaentsa,"Leo, Morgan, Antonio y Perciles ",Red de espera
DSC_0005-KANT1,Peces Morona Nov-2018/PECES CV1 Y CV2,Nikon 5300,11/24/2018,Characidae,Moenkhausia,sp. 1,CV2-303,CV2-Katirnaentsa,Kantashentsa-T1,"Leo, Morgan, Antonio y Perciles ",Red de arrastre
DSC_0006-KANT1,Peces Morona Nov-2018/PECES CV1 Y CV2,Nikon 5300,11/24/2018,Cichlidae,Apistogramma,bitaeniata,CV2-304,CV2-Katirnaentsa,Kantashentsa-T1,"Leo, Morgan, Antonio y Perciles ",Red de arrastre
DSC_0007-KANT1,Peces Morona Nov-2018/PECES CV1 Y CV2,Nikon 5300,11/24/2018,Cichlidae,Apistogramma,aff. cruzi,CV2-305,CV2-Katirnaentsa,Kantashentsa-T1,"Leo, Morgan, Antonio y Perciles ",Red de arrastre
DSC_0008-KANT1,Peces Morona Nov-2018/PECES CV1 Y CV2,Nikon 5300,11/24/2018,Cichlidae,Apistogramma,bitaeniata,CV2-306,CV2-Katirnaentsa,Kantashentsa-T1,"Leo, Morgan, Antonio y Perciles ",Red de arrastre
DSC_0009-KANT1,Peces Morona Nov-2018/PECES CV1 Y CV2,Nikon 5300,11/24/2018,Callichthyidae,Corydoras,aeneus,CV2-307,CV2-Katirnaentsa,Kantashentsa-T1,"Leo, Morgan, Antonio y Perciles ",Red de arrastre
DSC_0010-KANT1,Peces Morona Nov-2018/PECES CV1 Y CV2,Nikon 5300,11/24/2018,Callichthyidae,Corydoras,aeneus,CV2-308,CV2-Katirnaentsa,Kantashentsa-T1,"Leo, Morgan, Antonio y Perciles ",Red de arrastre
DSC_0011-KANT1,Peces Morona Nov-2018/PECES CV1 Y CV2,Nikon 5300,11/24/2018,Trichomycteridae,Ituglanis,cf. amazonicus,CV2-309,CV2-Katirnaentsa,Kantashentsa-T1,"Leo, Morgan, Antonio y Perciles ",Red de arrastre
DSC_0012-KANT1,Peces Morona Nov-2018/PECES CV1 Y CV2,Nikon 5300,11/24/2018,Gasteropelecidae,Carnegiella,strigata,CV2-310,CV2-Katirnaentsa,Kantashentsa-T1,"Leo, Morgan, Antonio y Perciles ",Red de arrastre
DSC_0013-KANT1,Peces Morona Nov-2018/PECES CV1 Y CV2,Nikon 5300,11/24/2018,Gasteropelecidae,Carnegiella,strigata,CV2-311,CV2-Katirnaentsa,Kantashentsa-T1,"Leo, Morgan, Antonio y Perciles ",Red de arrastre
DSC_0014-KANT1,Peces Morona Nov-2018/PECES CV1 Y CV2,Nikon 5300,11/24/2018,Characidae,Chrysobrycon,hesperus,CV2-312,CV2-Katirnaentsa,Kantashentsa-T1,"Leo, Morgan, Antonio y Perciles ",Red de arrastre
DSC_0015-KANT1,Peces Morona Nov-2018/PECES CV1 Y CV2,Nikon 5300,11/24/2018,Characidae,Chrysobrycon,hesperus,CV2-313,CV2-Katirnaentsa,Kantashentsa-T1,"Leo, Morgan, Antonio y Perciles ",Red de arrastre
DSC_0016-KANT1,Peces Morona Nov-2018/PECES CV1 Y CV2,Nikon 5300,11/24/2018,Characidae,Knodus,caquetae,CV2-314,CV2-Katirnaentsa,Kantashentsa-T1,"Leo, Morgan, Antonio y Perciles ",Red de arrastre
DSC_0017-KANT1,Peces Morona Nov-2018/PECES CV1 Y CV2,Nikon 5300,11/24/2018,Characidae,Knodus,caquetae,CV2-315,CV2-Katirnaentsa,Kantashentsa-T1,"Leo, Morgan, Antonio y Perciles ",Red de arrastre
DSC_0018-KANT1,Peces Morona Nov-2018/PECES CV1 Y CV2,Nikon 5300,11/24/2018,Characidae,Knodus,caquetae,CV2-316,CV2-Katirnaentsa,Kantashentsa-T1,"Leo, Morgan, Antonio y Perciles ",Red de arrastre
DSC_0019-KANT1,Peces Morona Nov-2018/PECES CV1 Y CV2,Nikon 5300,11/24/2018,Characidae,Hemigrammus,luelingui,CV2-317,CV2-Katirnaentsa,Kantashentsa-T1,"Leo, Morgan, Antonio y Perciles ",Red de arrastre
DSC_0020-KANT1,Peces Morona Nov-2018/PECES CV1 Y CV2,Nikon 5300,11/24/2018,Characidae,Moenkhausia,sp. 1,CV2-318,CV2-Katirnaentsa,Kantashentsa-T1,"Leo, Morgan, Antonio y Perciles ",Red de arrastre
DSC_0021-KANT1,Peces Morona Nov-2018/PECES CV1 Y CV2,Nikon 5300,11/24/2018,Heptapteridae,unknown,unknown,CV2-319,CV2-Katirnaentsa,Kantashentsa-T1,"Leo, Morgan, Antonio y Perciles ",Red de arrastre
DSC_0022-KANT1,Peces Morona Nov-2018/PECES CV1 Y CV2,Nikon 5300,11/24/2018,Crenuchidae,Characidium,cf.pellucidum,CV2-320,CV2-Katirnaentsa,Kantashentsa-T1,"Leo, Morgan, Antonio y Perciles ",Red de arrastre
DSC_0023-KANT2,Peces Morona Nov-2018/PECES CV1 Y CV2,Nikon 5300,11/24/2018,Characidae,Hyphessobrycon,agulha,CV2-321,CV2-Katirnaentsa,Kantashentsa-T2,"Leo, Morgan, Antonio y Perciles ",Red de arrastre
DSC_0024-KANT2,Peces Morona Nov-2018/PECES CV1 Y CV2,Nikon 5300,11/24/2018,Characidae,Hyphessobrycon,agulha,CV2-322,CV2-Katirnaentsa,Kantashentsa-T2,"Leo, Morgan, Antonio y Perciles ",Red de arrastre
DSC_0025-KANT2,Peces Morona Nov-2018/PECES CV1 Y CV2,Nikon 5300,11/24/2018,Characidae,Hyphessobrycon,agulha,CV2-323,CV2-Katirnaentsa,Kantashentsa-T2,"Leo, Morgan, Antonio y Perciles ",Red de arrastre
DSC_0026-KANT2,Peces Morona Nov-2018/PECES CV1 Y CV2,Nikon 5300,11/24/2018,Characidae,Hyphessobrycon,agulha,CV2-324,CV2-Katirnaentsa,Kantashentsa-T2,"Leo, Morgan, Antonio y Perciles ",Red de arrastre
DSC_0027-KANT2,Peces Morona Nov-2018/PECES CV1 Y CV2,Nikon 5300,11/24/2018,Characidae,Hyphessobrycon,agulha,CV2-325,CV2-Katirnaentsa,Kantashentsa-T2,"Leo, Morgan, Antonio y Perciles ",Red de arrastre
DSC_0028-KANT2,Peces Morona Nov-2018/PECES CV1 Y CV2,Nikon 5300,11/24/2018,Characidae,Hyphessobrycon,agulha,CV2-326,CV2-Katirnaentsa,Kantashentsa-T2,"Leo, Morgan, Antonio y Perciles ",Red de arrastre
DSC_0029-KANT2,Peces Morona Nov-2018/PECES CV1 Y CV2,Nikon 5300,11/24/2018,Characidae,Hyphessobrycon,cf. margitae,CV2-327,CV2-Katirnaentsa,Kantashentsa-T2,"Leo, Morgan, Antonio y Perciles ",Red de arrastre
DSC_0030-KANT2,Peces Morona Nov-2018/PECES CV1 Y CV2,Nikon 5300,11/24/2018,Characidae,Hyphessobrycon,cf. margitae,CV2-328,CV2-Katirnaentsa,Kantashentsa-T2,"Leo, Morgan, Antonio y Perciles ",Red de arrastre
DSC_0031-KANT2,Peces Morona Nov-2018/PECES CV1 Y CV2,Nikon 5300,11/24/2018,Characidae,Chrysobrycon,hesperus,CV2-329,CV2-Katirnaentsa,Kantashentsa-T2,"Leo, Morgan, Antonio y Perciles ",Red de arrastre
DSC_0032-KANT2,Peces Morona Nov-2018/PECES CV1 Y CV2,Nikon 5300,11/24/2018,Cichlidae,Apistogramma,bitaeniata,CV2-330,CV2-Katirnaentsa,Kantashentsa-T2,"Leo, Morgan, Antonio y Perciles ",Red de arrastre
DSC_0033-KANT2,Peces Morona Nov-2018/PECES CV1 Y CV2,Nikon 5300,11/24/2018,Cichlidae,Apistogramma,aff. cruzi,CV2-331,CV2-Katirnaentsa,Kantashentsa-T2,"Leo, Morgan, Antonio y Perciles ",Red de arrastre
DSC_0034-KANT2,Peces Morona Nov-2018/PECES CV1 Y CV2,Nikon 5300,11/24/2018,Cichlidae,Apistogramma,aff. cruzi,CV2-332,CV2-Katirnaentsa,Kantashentsa-T2,"Leo, Morgan, Antonio y Perciles ",Red de arrastre
DSC_0035-KANT2,Peces Morona Nov-2018/PECES CV1 Y CV2,Nikon 5300,11/24/2018,Callichthyidae,Corydoras,aeneus,CV2-333,CV2-Katirnaentsa,Kantashentsa-T2,"Leo, Morgan, Antonio y Perciles ",Red de arrastre
DSC_0036-KANT2,Peces Morona Nov-2018/PECES CV1 Y CV2,Nikon 5300,11/24/2018,Callichthyidae,Corydoras,aeneus,CV2-334,CV2-Katirnaentsa,Kantashentsa-T2,"Leo, Morgan, Antonio y Perciles ",Red de arrastre
DSC_0037-KANT2,Peces Morona Nov-2018/PECES CV1 Y CV2,Nikon 5300,11/24/2018,Callichthyidae,Corydoras,aeneus,CV2-335,CV2-Katirnaentsa,Kantashentsa-T2,"Leo, Morgan, Antonio y Perciles ",Red de arrastre
DSC_0038-KANT2,Peces Morona Nov-2018/PECES CV1 Y CV2,Nikon 5300,11/24/2018,Characidae,Hemigrammus,sp. 2,CV2-336,CV2-Katirnaentsa,Kantashentsa-T2,"Leo, Morgan, Antonio y Perciles ",Red de arrastre
DSC_0039-KANT2,Peces Morona Nov-2018/PECES CV1 Y CV2,Nikon 5300,11/24/2018,Characidae,Hemigrammus,sp. 2,CV2-337,CV2-Katirnaentsa,Kantashentsa-T2,"Leo, Morgan, Antonio y Perciles ",Red de arrastre
DSC_0040-KANT2,Peces Morona Nov-2018/PECES CV1 Y CV2,Nikon 5300,11/24/2018,Cichlidae,Laetacara,flavilabris,CV2-338,CV2-Katirnaentsa,Kantashentsa-T2,"Leo, Morgan, Antonio y Perciles ",Red de arrastre
DSC_0041-KANT2,Peces Morona Nov-2018/PECES CV1 Y CV2,Nikon 5300,11/24/2018,Synbranchidae,Synbranchus,marmoratus,CV2-339,CV2-Katirnaentsa,Kantashentsa-T2,"Leo, Morgan, Antonio y Perciles ",Red de arrastre
DSC_0042-KANT3,Peces Morona Nov-2018/PECES CV1 Y CV2,Nikon 5300,11/24/2018,Gasteropelecidae,Gasteropelecus ,sternicla,CV2-340,CV2-Katirnaentsa,Kantashentsa-T3,"Leo, Morgan, Antonio y Perciles ",Red de arrastre
DSC_0043-KANT3,Peces Morona Nov-2018/PECES CV1 Y CV2,Nikon 5300,11/24/2018,Gasteropelecidae,Gasteropelecus ,sternicla,CV2-341,CV2-Katirnaentsa,Kantashentsa-T3,"Leo, Morgan, Antonio y Perciles ",Red de arrastre
DSC_0044-KANT3,Peces Morona Nov-2018/PECES CV1 Y CV2,Nikon 5300,11/24/2018,Cichlidae,Bujurquina,moriorum,CV2-342,CV2-Katirnaentsa,Kantashentsa-T3,"Leo, Morgan, Antonio y Perciles ",Red de arrastre
DSC_0045-KANT3,Peces Morona Nov-2018/PECES CV1 Y CV2,Nikon 5300,11/24/2018,Cichlidae,Bujurquina,moriorum,CV2-343,CV2-Katirnaentsa,Kantashentsa-T3,"Leo, Morgan, Antonio y Perciles ",Red de arrastre
DSC_0046-KANT3,Peces Morona Nov-2018/PECES CV1 Y CV2,Nikon 5300,11/24/2018,Cichlidae,Laetacara,flavilabris,CV2-344,CV2-Katirnaentsa,Kantashentsa-T3,"Leo, Morgan, Antonio y Perciles ",Red de arrastre
DSC_0047-KANT3,Peces Morona Nov-2018/PECES CV1 Y CV2,Nikon 5300,11/24/2018,Callichthyidae,Corydoras,aeneus,CV2-345,CV2-Katirnaentsa,Kantashentsa-T3,"Leo, Morgan, Antonio y Perciles ",Red de arrastre
DSC_0048-CV2-TRAMPA,Peces Morona Nov-2018/PECES CV1 Y CV2,Nikon 5300,11/25/2018,Serrasalmidae,Serrasalmus,rhombeus,CV2-496,CV2-Katirnaentsa,Katirnaentsa,"Leo, Morgan, Antonio y Perciles ",Red de espera
DSC_0049-CV2-TRAMPA,Peces Morona Nov-2018/PECES CV1 Y CV2,Nikon 5300,11/25/2018,Characidae,Tetragonopterus,argenteus,CV2-497,CV2-Katirnaentsa,Katirnaentsa,"Leo, Morgan, Antonio y Perciles ",Red de espera
DSC_0064-HET6,Peces Morona Nov-2018/PECES CV1 Y CV2,Nikon 5300,11/20/2018,Gasteropelecidae,Gasteropelecus,sternicla,CV1-110,CV1-Mashumbara ,Hermogeno-T6,"Leo, Morgan, Antonio y Perciles ",Red de arrastre
DSC_0065-HET6,Peces Morona Nov-2018/PECES CV1 Y CV2,Nikon 5300,11/20/2018,Gasteropelecidae,Gasteropelecus,sternicla,CV1-111,CV1-Mashumbara ,Hermogeno-T6,"Leo, Morgan, Antonio y Perciles ",Red de arrastre
DSC_0066-HET6,Peces Morona Nov-2018/PECES CV1 Y CV2,Nikon 5300,11/20/2018,Gasteropelecidae,Gasteropelecus,sternicla,CV1-112,CV1-Mashumbara ,Hermogeno-T6,"Leo, Morgan, Antonio y Perciles ",Red de arrastre
DSC_0067-HET6,Peces Morona Nov-2018/PECES CV1 Y CV2,Nikon 5300,11/20/2018,Characidae,Moenkhausia,comma,CV1-113,CV1-Mashumbara ,Hermogeno-T6,"Leo, Morgan, Antonio y Perciles ",Red de arrastre
DSC_0068-CV2-TRAMPA,Peces Morona Nov-2018/PECES CV1 Y CV2,Nikon 5300,11/29/2018,Auchenipteridae,Ageneiosus,sp. 1,CV2-499,CV2-Katirnaentsa,Katirnaentsa,"Leo, Morgan, Antonio y Perciles ",Red de espera
DSC_0068-HET6,Peces Morona Nov-2018/PECES CV1 Y CV2,Nikon 5300,11/20/2018,Cichlidae,Bujurquina,moriorum,CV1-114,CV1-Mashumbara ,Hermogeno-T6,"Leo, Morgan, Antonio y Perciles ",Red de arrastre
DSC_0069-HET6,Peces Morona Nov-2018/PECES CV1 Y CV2,Nikon 5300,11/20/2018,Cichlidae,Laetacara,flavilabris,CV1-115,CV1-Mashumbara ,Hermogeno-T6,"Leo, Morgan, Antonio y Perciles ",Red de arrastre
DSC_0070-HET6,Peces Morona Nov-2018/PECES CV1 Y CV2,Nikon 5300,11/20/2018,Cichlidae,Laetacara,flavilabris,CV1-116,CV1-Mashumbara ,Hermogeno-T6,"Leo, Morgan, Antonio y Perciles ",Red de arrastre
DSC_0071-HET6,Peces Morona Nov-2018/PECES CV1 Y CV2,Nikon 5300,11/20/2018,Cichlidae,Laetacara,flavilabris,CV1-117,CV1-Mashumbara ,Hermogeno-T6,"Leo, Morgan, Antonio y Perciles ",Red de arrastre
DSC_0072-HET6,Peces Morona Nov-2018/PECES CV1 Y CV2,Nikon 5300,11/20/2018,Cichlidae,Apistogramma,aff. cruzi,CV1-118,CV1-Mashumbara ,Hermogeno-T6,"Leo, Morgan, Antonio y Perciles ",Red de arrastre
DSC_0073-HET6,Peces Morona Nov-2018/PECES CV1 Y CV2,Nikon 5300,11/20/2018,Cichlidae,Apistogramma,aff. cruzi,CV1-119,CV1-Mashumbara ,Hermogeno-T6,"Leo, Morgan, Antonio y Perciles ",Red de arrastre
DSC_0074-HET6,Peces Morona Nov-2018/PECES CV1 Y CV2,Nikon 5300,11/20/2018,Cichlidae,Apistogramma,aff. cruzi,CV1-120,CV1-Mashumbara ,Hermogeno-T6,"Leo, Morgan, Antonio y Perciles ",Red de arrastre
DSC_0075-HET6,Peces Morona Nov-2018/PECES CV1 Y CV2,Nikon 5300,11/20/2018,Cichlidae,Apistogramma,aff. cruzi,CV1-121,CV1-Mashumbara ,Hermogeno-T6,"Leo, Morgan, Antonio y Perciles ",Red de arrastre
DSC_0076-HET6,Peces Morona Nov-2018/PECES CV1 Y CV2,Nikon 5300,11/20/2018,Lebiasinidae,Pyrrhulina,cf. eleanorae,CV1-122,CV1-Mashumbara ,Hermogeno-T6,"Leo, Morgan, Antonio y Perciles ",Red de arrastre
DSC_0077-HET6,Peces Morona Nov-2018/PECES CV1 Y CV2,Nikon 5300,11/20/2018,Lebiasinidae,Pyrrhulina,cf. eleanorae,CV1-123,CV1-Mashumbara ,Hermogeno-T6,"Leo, Morgan, Antonio y Perciles ",Red de arrastre
DSC_0078-HET6,Peces Morona Nov-2018/PECES CV1 Y CV2,Nikon 5300,11/20/2018,Lebiasinidae,Pyrrhulina,cf. eleanorae,CV1-124,CV1-Mashumbara ,Hermogeno-T6,"Leo, Morgan, Antonio y Perciles ",Red de arrastre
DSC_0079-HET6,Peces Morona Nov-2018/PECES CV1 Y CV2,Nikon 5300,11/20/2018,Lebiasinidae,Pyrrhulina,cf. eleanorae,CV1-125,CV1-Mashumbara ,Hermogeno-T6,"Leo, Morgan, Antonio y Perciles ",Red de arrastre
DSC_0081-HET6,Peces Morona Nov-2018/PECES CV1 Y CV2,Nikon 5300,11/20/2018,Characidae,Knodus,caquetae,CV1-126,CV1-Mashumbara ,Hermogeno-T6,"Leo, Morgan, Antonio y Perciles ",Red de arrastre
DSC_0082-HET6 DSC_0083-HET6,Peces Morona Nov-2018/PECES CV1 Y CV2,Nikon 5300,11/20/2018,Aspredinidae,Bunocephalus,coracoideus,CV1-127,CV1-Mashumbara ,Hermogeno-T6,"Leo, Morgan, Antonio y Perciles ",Red de arrastre
DSC_0084-CHT1,Peces Morona Nov-2018/PECES CV1 Y CV2,Nikon 5300,11/17/2018,Characidae,Hyphessobrycon,cf. margitae,CV1-001,CV1-Mashumbara ,Chapintsa-T1,"Leo, Morgan, Antonio y Perciles ",Red de arrastre
DSC_0088-CHT1,Peces Morona Nov-2018/PECES CV1 Y CV2,Nikon 5300,11/17/2018,Characidae,Hyphessobrycon,cf. margitae,CV1-002,CV1-Mashumbara ,Chapintsa-T1,"Leo, Morgan, Antonio y Perciles ",Red de arrastre
DSC_0090-CHT1,Peces Morona Nov-2018/PECES CV1 Y CV2,Nikon 5300,11/17/2018,Characidae,Hyphessobrycon,cf. margitae,CV1-003,CV1-Mashumbara ,Chapintsa-T1,"Leo, Morgan, Antonio y Perciles ",Red de arrastre
DSC_0091-CHT1,Peces Morona Nov-2018/PECES CV1 Y CV2,Nikon 5300,11/17/2018,Characidae,Hemigrammus,sp. 2,CV1-004,CV1-Mashumbara ,Chapintsa-T1,"Leo, Morgan, Antonio y Perciles ",Red de arrastre
DSC_0092-CHT1,Peces Morona Nov-2018/PECES CV1 Y CV2,Nikon 5300,11/17/2018,Characidae,Hyphessobrycon,cf. margitae,CV1-005,CV1-Mashumbara ,Chapintsa-T1,"Leo, Morgan, Antonio y Perciles ",Red de arrastre
DSC_0093-CHT1,Peces Morona Nov-2018/PECES CV1 Y CV2,Nikon 5300,11/17/2018,Characidae,Hemigrammus,sp. 2,CV1-006,CV1-Mashumbara ,Chapintsa-T1,"Leo, Morgan, Antonio y Perciles ",Red de arrastre
DSC_0095-CHT1,Peces Morona Nov-2018/PECES CV1 Y CV2,Nikon 5300,11/17/2018,Gasteropelecidae,Gasteropelecus,sternicla,CV1-007,CV1-Mashumbara ,Chapintsa-T1,"Leo, Morgan, Antonio y Perciles ",Red de arrastre
DSC_0097-CHT1,Peces Morona Nov-2018/PECES CV1 Y CV2,Nikon 5300,11/17/2018,Gasteropelecidae,Gasteropelecus,sternicla,CV1-008,CV1-Mashumbara ,Chapintsa-T1,"Leo, Morgan, Antonio y Perciles ",Red de arrastre
DSC_0099-CHT1,Peces Morona Nov-2018/PECES CV1 Y CV2,Nikon 5300,11/17/2018,Cichlidae,Laetacara ,flavilabris,CV1-009,CV1-Mashumbara ,Chapintsa-T1,"Leo, Morgan, Antonio y Perciles ",Red de arrastre
DSC_0112-CHT1,Peces Morona Nov-2018/PECES CV1 Y CV2,Nikon 5300,11/17/2018,Lebiasinidae,Pyrrhulina,cf. brevis,CV1-010,CV1-Mashumbara ,Chapintsa-T1,"Leo, Morgan, Antonio y Perciles ",Red de arrastre
DSC_0113-CHT1,Peces Morona Nov-2018/PECES CV1 Y CV2,Nikon 5300,11/17/2018,Lebiasinidae,Pyrrhulina,cf. brevis,CV1-011,CV1-Mashumbara ,Chapintsa-T1,"Leo, Morgan, Antonio y Perciles ",Red de arrastre
DSC_0117-CHT1,Peces Morona Nov-2018/PECES CV1 Y CV2,Nikon 5300,11/17/2018,Acestrorhynchidae,Acestrorhynchus,falcatus,CV1-012,CV1-Mashumbara ,Chapintsa-T1,"Leo, Morgan, Antonio y Perciles ",Red de arrastre
DSC_0119-CHT2,Peces Morona Nov-2018/PECES CV1 Y CV2,Nikon 5300,11/17/2018,Lebiasinidae,Pyrrhulina,cf. brevis,CV1-015,CV1-Mashumbara ,Chapintsa-T2,"Leo, Morgan, Antonio y Perciles ",Red de arrastre
DSC_0120-CHT2,Peces Morona Nov-2018/PECES CV1 Y CV2,Nikon 5300,11/17/2018,Lebiasinidae,Pyrrhulina,cf. brevis,CV1-016,CV1-Mashumbara ,Chapintsa-T2,"Leo, Morgan, Antonio y Perciles ",Red de arrastre
DSC_0121-CHT2,Peces Morona Nov-2018/PECES CV1 Y CV2,Nikon 5300,11/17/2018,Cichlidae,Laetacara ,flavilabris,CV1-017,CV1-Mashumbara ,Chapintsa-T2,"Leo, Morgan, Antonio y Perciles ",Red de arrastre
DSC_0122-CHT2,Peces Morona Nov-2018/PECES CV1 Y CV2,Nikon 5300,11/17/2018,Cichlidae,Apistogramma,aff. cruzi,CV1-018,CV1-Mashumbara ,Chapintsa-T2,"Leo, Morgan, Antonio y Perciles ",Red de arrastre
DSC_0124-CHT2,Peces Morona Nov-2018/PECES CV1 Y CV2,Nikon 5300,11/17/2018,Lebiasinidae,Pyrrhulina,cf. brevis,CV1-019,CV1-Mashumbara ,Chapintsa-T2,"Leo, Morgan, Antonio y Perciles ",Red de arrastre
DSC_0177-CHT2,Peces Morona Nov-2018/PECES CV1 Y CV2,Nikon 5300,11/17/2018,Characidae,Moenkhausia,sp. 1,CV1-020,CV1-Mashumbara ,Chapintsa-T2,"Leo, Morgan, Antonio y Perciles ",Red de arrastre
DSC_0178-CHT2,Peces Morona Nov-2018/PECES CV1 Y CV2,Nikon 5300,11/17/2018,Lebiasinidae,Copeina,osgoodi,CV1-021,CV1-Mashumbara ,Chapintsa-T2,"Leo, Morgan, Antonio y Perciles ",Red de arrastre
DSC_0179-CHT2,Peces Morona Nov-2018/PECES CV1 Y CV2,Nikon 5300,11/17/2018,Cichlidae,Laetacara ,flavilabris,CV1-022,CV1-Mashumbara ,Chapintsa-T2,"Leo, Morgan, Antonio y Perciles ",Red de arrastre
DSC_0180-CHT2,Peces Morona Nov-2018/PECES CV1 Y CV2,Nikon 5300,11/17/2018,Heptapteridae,Pimelodella,sp. 2,CV1-023,CV1-Mashumbara ,Chapintsa-T2,"Leo, Morgan, Antonio y Perciles ",Red de arrastre
DSC_0182-KANT4,Peces Morona Nov-2018/PECES CV1 Y CV2,Nikon 5300,11/25/2018,Gasteropelecidae,Gasteropelecus ,sternicla,CV2-346,CV2-Katirnaentsa,Kantashentsa-T4,"Leo, Morgan, Antonio y Perciles ",Red de arrastre
DSC_0183-KANT4,Peces Morona Nov-2018/PECES CV1 Y CV2,Nikon 5300,11/25/2018,Gasteropelecidae,Gasteropelecus ,sternicla,CV2-347,CV2-Katirnaentsa,Kantashentsa-T4,"Leo, Morgan, Antonio y Perciles ",Red de arrastre
DSC_0184-KANT4,Peces Morona Nov-2018/PECES CV1 Y CV2,Nikon 5300,11/25/2018,Gasteropelecidae,Gasteropelecus ,sternicla,CV2-348,CV2-Katirnaentsa,Kantashentsa-T4,"Leo, Morgan, Antonio y Perciles ",Red de arrastre
DSC_0185-KANT4,Peces Morona Nov-2018/PECES CV1 Y CV2,Nikon 5300,11/25/2018,Gasteropelecidae,Gasteropelecus ,sternicla,CV2-349,CV2-Katirnaentsa,Kantashentsa-T4,"Leo, Morgan, Antonio y Perciles ",Red de arrastre
DSC_0186-KANT4,Peces Morona Nov-2018/PECES CV1 Y CV2,Nikon 5300,11/25/2018,Gasteropelecidae,Gasteropelecus ,sternicla,CV2-350,CV2-Katirnaentsa,Kantashentsa-T4,"Leo, Morgan, Antonio y Perciles ",Red de arrastre
DSC_0187-KANT4,Peces Morona Nov-2018/PECES CV1 Y CV2,Nikon 5300,11/25/2018,Gasteropelecidae,Gasteropelecus ,sternicla,CV2-351,CV2-Katirnaentsa,Kantashentsa-T4,"Leo, Morgan, Antonio y Perciles ",Red de arrastre
DSC_0188-KANT4,Peces Morona Nov-2018/PECES CV1 Y CV2,Nikon 5300,11/25/2018,Gasteropelecidae,Gasteropelecus ,sternicla,CV2-352,CV2-Katirnaentsa,Kantashentsa-T4,"Leo, Morgan, Antonio y Perciles ",Red de arrastre
DSC_0189-KANT4,Peces Morona Nov-2018/PECES CV1 Y CV2,Nikon 5300,11/25/2018,Characidae,Moenkhausia,sp. 1,CV2-353,CV2-Katirnaentsa,Kantashentsa-T4,"Leo, Morgan, Antonio y Perciles ",Red de arrastre
DSC_0190-KANT4,Peces Morona Nov-2018/PECES CV1 Y CV2,Nikon 5300,11/25/2018,Characidae,Moenkhausia,sp. 1,CV2-354,CV2-Katirnaentsa,Kantashentsa-T4,"Leo, Morgan, Antonio y Perciles ",Red de arrastre
DSC_0191-KANT4,Peces Morona Nov-2018/PECES CV1 Y CV2,Nikon 5300,11/25/2018,Characidae,Moenkhausia,sp. 1,CV2-355,CV2-Katirnaentsa,Kantashentsa-T4,"Leo, Morgan, Antonio y Perciles ",Red de arrastre
DSC_0192-KANT4,Peces Morona Nov-2018/PECES CV1 Y CV2,Nikon 5300,11/25/2018,Cichlidae,Apistogramma,aff. cruzi,CV2-356,CV2-Katirnaentsa,Kantashentsa-T4,"Leo, Morgan, Antonio y Perciles ",Red de arrastre
DSC_0193-KANT4,Peces Morona Nov-2018/PECES CV1 Y CV2,Nikon 5300,11/25/2018,Cichlidae,Apistogramma,aff. cruzi,CV2-357,CV2-Katirnaentsa,Kantashentsa-T4,"Leo, Morgan, Antonio y Perciles ",Red de arrastre
DSC_0194-KANT4,Peces Morona Nov-2018/PECES CV1 Y CV2,Nikon 5300,11/25/2018,Cichlidae,Apistogramma,aff. cruzi,CV2-358,CV2-Katirnaentsa,Kantashentsa-T4,"Leo, Morgan, Antonio y Perciles ",Red de arrastre
DSC_0195-KANT4,Peces Morona Nov-2018/PECES CV1 Y CV2,Nikon 5300,11/25/2018,Cichlidae,Apistogramma,aff. cruzi,CV2-359,CV2-Katirnaentsa,Kantashentsa-T4,"Leo, Morgan, Antonio y Perciles ",Red de arrastre
DSC_0196-KANT4,Peces Morona Nov-2018/PECES CV1 Y CV2,Nikon 5300,11/25/2018,Callichthyidae,Corydoras,aeneus,CV2-360,CV2-Katirnaentsa,Kantashentsa-T4,"Leo, Morgan, Antonio y Perciles ",Red de arrastre
DSC_0197-KANT4,Peces Morona Nov-2018/PECES CV1 Y CV2,Nikon 5300,11/25/2018,Callichthyidae,Corydoras,aeneus,CV2-361,CV2-Katirnaentsa,Kantashentsa-T4,"Leo, Morgan, Antonio y Perciles ",Red de arrastre
DSC_0198-KANT4,Peces Morona Nov-2018/PECES CV1 Y CV2,Nikon 5300,11/25/2018,Lebiasinidae,Pyrrhulina,cf. brevis,CV2-362,CV2-Katirnaentsa,Kantashentsa-T4,"Leo, Morgan, Antonio y Perciles ",Red de arrastre
DSC_0199-KANT4,Peces Morona Nov-2018/PECES CV1 Y CV2,Nikon 5300,11/25/2018,Lebiasinidae,Pyrrhulina,cf. brevis,CV2-363,CV2-Katirnaentsa,Kantashentsa-T4,"Leo, Morgan, Antonio y Perciles ",Red de arrastre
DSC_0200-KANT4,Peces Morona Nov-2018/PECES CV1 Y CV2,Nikon 5300,11/25/2018,Lebiasinidae,Pyrrhulina,cf. brevis,CV2-364,CV2-Katirnaentsa,Kantashentsa-T4,"Leo, Morgan, Antonio y Perciles ",Red de arrastre
DSC_0201-KANT4,Peces Morona Nov-2018/PECES CV1 Y CV2,Nikon 5300,11/25/2018,Lebiasinidae,Pyrrhulina,cf. brevis,CV2-365,CV2-Katirnaentsa,Kantashentsa-T4,"Leo, Morgan, Antonio y Perciles ",Red de arrastre
DSC_0202-KANT4,Peces Morona Nov-2018/PECES CV1 Y CV2,Nikon 5300,11/25/2018,Lebiasinidae,Pyrrhulina,cf. brevis,CV2-366,CV2-Katirnaentsa,Kantashentsa-T4,"Leo, Morgan, Antonio y Perciles ",Red de arrastre
DSC_0203-KANT4,Peces Morona Nov-2018/PECES CV1 Y CV2,Nikon 5300,11/25/2018,Lebiasinidae,Pyrrhulina,cf. brevis,CV2-367,CV2-Katirnaentsa,Kantashentsa-T4,"Leo, Morgan, Antonio y Perciles ",Red de arrastre
DSC_0204-KANT4,Peces Morona Nov-2018/PECES CV1 Y CV2,Nikon 5300,11/25/2018,Lebiasinidae,Pyrrhulina,cf. brevis,CV2-368,CV2-Katirnaentsa,Kantashentsa-T4,"Leo, Morgan, Antonio y Perciles ",Red de arrastre
DSC_0205-KANT4,Peces Morona Nov-2018/PECES CV1 Y CV2,Nikon 5300,11/25/2018,Lebiasinidae,Pyrrhulina,cf. brevis,CV2-369,CV2-Katirnaentsa,Kantashentsa-T4,"Leo, Morgan, Antonio y Perciles ",Red de arrastre
DSC_0206-KANT4,Peces Morona Nov-2018/PECES CV1 Y CV2,Nikon 5300,11/25/2018,Characidae,Chrysobrycon,hesperus,CV2-370,CV2-Katirnaentsa,Kantashentsa-T4,"Leo, Morgan, Antonio y Perciles ",Red de arrastre
DSC_0207-KANT4,Peces Morona Nov-2018/PECES CV1 Y CV2,Nikon 5300,11/25/2018,Characidae,Chrysobrycon,hesperus,CV2-371,CV2-Katirnaentsa,Kantashentsa-T4,"Leo, Morgan, Antonio y Perciles ",Red de arrastre
DSC_0208-KANT4,Peces Morona Nov-2018/PECES CV1 Y CV2,Nikon 5300,11/25/2018,Characidae,Chrysobrycon,hesperus,CV2-372,CV2-Katirnaentsa,Kantashentsa-T4,"Leo, Morgan, Antonio y Perciles ",Red de arrastre
DSC_0208-KATP1,Peces Morona Nov-2018/PECES CV1 Y CV2,Nikon 5300,11/27/2018,Cichlidae,Bujurquina,huallagae,CV2-424,CV2-Katirnaentsa,Katirnaentsa-P1,"Leo, Morgan, Antonio y Perciles ",Red de arrastre
DSC_0209-KANT4,Peces Morona Nov-2018/PECES CV1 Y CV2,Nikon 5300,11/25/2018,Characidae,Moenkhausia,comma,CV2-373,CV2-Katirnaentsa,Kantashentsa-T4,"Leo, Morgan, Antonio y Perciles ",Red de arrastre
DSC_0209-KATP1,Peces Morona Nov-2018/PECES CV1 Y CV2,Nikon 5300,11/27/2018,Cichlidae,Bujurquina,huallagae,CV2-425,CV2-Katirnaentsa,Katirnaentsa-P1,"Leo, Morgan, Antonio y Perciles ",Red de arrastre
DSC_0210-KANT4,Peces Morona Nov-2018/PECES CV1 Y CV2,Nikon 5300,11/25/2018,Characidae,Hemigrammus,sp. 2,CV2-374,CV2-Katirnaentsa,Kantashentsa-T4,"Leo, Morgan, Antonio y Perciles ",Red de arrastre
DSC_0210-KATP1,Peces Morona Nov-2018/PECES CV1 Y CV2,Nikon 5300,11/27/2018,Callichthyidae,Corydoras,pastazensis,CV2-426,CV2-Katirnaentsa,Katirnaentsa-P1,"Leo, Morgan, Antonio y Perciles ",Red de arrastre
DSC_0211-KANT4,Peces Morona Nov-2018/PECES CV1 Y CV2,Nikon 5300,11/25/2018,Characidae,Hemigrammus,sp. 2,CV2-375,CV2-Katirnaentsa,Kantashentsa-T4,"Leo, Morgan, Antonio y Perciles ",Red de arrastre
DSC_0211-KATP1,Peces Morona Nov-2018/PECES CV1 Y CV2,Nikon 5300,11/27/2018,Callichthyidae,Corydoras,pastazensis,CV2-427,CV2-Katirnaentsa,Katirnaentsa-P1,"Leo, Morgan, Antonio y Perciles ",Red de arrastre
DSC_0212-KANT4,Peces Morona Nov-2018/PECES CV1 Y CV2,Nikon 5300,11/25/2018,Characidae,Hemigrammus,sp. 2,CV2-376,CV2-Katirnaentsa,Kantashentsa-T4,"Leo, Morgan, Antonio y Perciles ",Red de arrastre
DSC_0212-KATP1,Peces Morona Nov-2018/PECES CV1 Y CV2,Nikon 5300,11/27/2018,Cichlidae,Crenicichla,reticulata,CV2-428,CV2-Katirnaentsa,Katirnaentsa-P1,"Leo, Morgan, Antonio y Perciles ",Red de arrastre
DSC_0213-KANT4,Peces Morona Nov-2018/PECES CV1 Y CV2,Nikon 5300,11/25/2018,Characidae,Hemigrammus,sp. 2,CV2-377,CV2-Katirnaentsa,Kantashentsa-T4,"Leo, Morgan, Antonio y Perciles ",Red de arrastre
DSC_0213-KATP1,Peces Morona Nov-2018/PECES CV1 Y CV2,Nikon 5300,11/27/2018,Characidae,Astyanax,cf. lacustris,CV2-429,CV2-Katirnaentsa,Katirnaentsa-P1,"Leo, Morgan, Antonio y Perciles ",Red de arrastre
DSC_0214-CHT5,Peces Morona Nov-2018/PECES CV1 Y CV2,Nikon 5300,11/18/2018,Lebiasinidae,Pyrrhulina,cf. brevis,CV1-033,CV1-Mashumbara ,Chapintsa-T5,"Leo, Morgan, Antonio y Perciles ",Red de arrastre
DSC_0214-KANT4,Peces Morona Nov-2018/PECES CV1 Y CV2,Nikon 5300,11/25/2018,Characidae,Hyphessobrycon,cf. margitae,CV2-378,CV2-Katirnaentsa,Kantashentsa-T4,"Leo, Morgan, Antonio y Perciles ",Red de arrastre
DSC_0214-KATP1,Peces Morona Nov-2018/PECES CV1 Y CV2,Nikon 5300,11/27/2018,Characidae,Astyanax,cf. lacustris,CV2-430,CV2-Katirnaentsa,Katirnaentsa-P1,"Leo, Morgan, Antonio y Perciles ",Red de arrastre
DSC_0215-KANT4,Peces Morona Nov-2018/PECES CV1 Y CV2,Nikon 5300,11/25/2018,Characidae,Hyphessobrycon,agulha,CV2-379,CV2-Katirnaentsa,Kantashentsa-T4,"Leo, Morgan, Antonio y Perciles ",Red de arrastre
DSC_0215-KATP1,Peces Morona Nov-2018/PECES CV1 Y CV2,Nikon 5300,11/27/2018,Curimatidae,Steindachnerina,sp. 1,CV2-431,CV2-Katirnaentsa,Katirnaentsa-P1,"Leo, Morgan, Antonio y Perciles ",Red de arrastre
DSC_0216-CHT5,Peces Morona Nov-2018/PECES CV1 Y CV2,Nikon 5300,11/18/2018,Lebiasinidae,Pyrrhulina,cf. brevis,CV1-034,CV1-Mashumbara ,Chapintsa-T5,"Leo, Morgan, Antonio y Perciles ",Red de arrastre
DSC_0216-KANT4,Peces Morona Nov-2018/PECES CV1 Y CV2,Nikon 5300,11/25/2018,Characidae,Hyphessobrycon,agulha,CV2-380,CV2-Katirnaentsa,Kantashentsa-T4,"Leo, Morgan, Antonio y Perciles ",Red de arrastre
DSC_0216-KATP1,Peces Morona Nov-2018/PECES CV1 Y CV2,Nikon 5300,11/27/2018,Characidae,Creagrutus,beni,CV2-432,CV2-Katirnaentsa,Katirnaentsa-P1,"Leo, Morgan, Antonio y Perciles ",Red de arrastre
DSC_0217-KANT4,Peces Morona Nov-2018/PECES CV1 Y CV2,Nikon 5300,11/25/2018,Characidae,Chrysobrycon,hesperus,CV2-381,CV2-Katirnaentsa,Kantashentsa-T4,"Leo, Morgan, Antonio y Perciles ",Red de arrastre
DSC_0217-KATP1,Peces Morona Nov-2018/PECES CV1 Y CV2,Nikon 5300,11/27/2018,Iguanodectidae,Bryconops,caudomaculatus,CV2-433,CV2-Katirnaentsa,Katirnaentsa-P1,"Leo, Morgan, Antonio y Perciles ",Red de arrastre
DSC_0218-CHT5,Peces Morona Nov-2018/PECES CV1 Y CV2,Nikon 5300,11/18/2018,Characidae,Hemigrammus,sp. 2,CV1-035,CV1-Mashumbara ,Chapintsa-T5,"Leo, Morgan, Antonio y Perciles ",Red de arrastre
DSC_0218-KANT4,Peces Morona Nov-2018/PECES CV1 Y CV2,Nikon 5300,11/25/2018,Characidae,Knodus,caquetae,CV2-382,CV2-Katirnaentsa,Kantashentsa-T4,"Leo, Morgan, Antonio y Perciles ",Red de arrastre
DSC_0218-KATP1,Peces Morona Nov-2018/PECES CV1 Y CV2,Nikon 5300,11/27/2018,Iguanodectidae,Bryconops,caudomaculatus,CV2-434,CV2-Katirnaentsa,Katirnaentsa-P1,"Leo, Morgan, Antonio y Perciles ",Red de arrastre
DSC_0219-CHT5,Peces Morona Nov-2018/PECES CV1 Y CV2,Nikon 5300,11/18/2018,Characidae,Moenkhausia,sp. 1,CV1-036,CV1-Mashumbara ,Chapintsa-T5,"Leo, Morgan, Antonio y Perciles ",Red de arrastre
DSC_0219-KANT4,Peces Morona Nov-2018/PECES CV1 Y CV2,Nikon 5300,11/25/2018,Characidae,Hyphessobrycon,cf. margitae,CV2-383,CV2-Katirnaentsa,Kantashentsa-T4,"Leo, Morgan, Antonio y Perciles ",Red de arrastre
DSC_0219-KATP1,Peces Morona Nov-2018/PECES CV1 Y CV2,Nikon 5300,11/27/2018,Cichlidae,Bujurquina,huallagae,CV2-435,CV2-Katirnaentsa,Katirnaentsa-P1,"Leo, Morgan, Antonio y Perciles ",Red de arrastre
DSC_0220-CHT5,Peces Morona Nov-2018/PECES CV1 Y CV2,Nikon 5300,11/18/2018,Acestrorhynchidae,Acestrorhynchus,falcatus,CV1-037,CV1-Mashumbara ,Chapintsa-T5,"Leo, Morgan, Antonio y Perciles ",Red de arrastre
DSC_0220-KANT4,Peces Morona Nov-2018/PECES CV1 Y CV2,Nikon 5300,11/25/2018,Characidae,Moenkhausia,sp. 1,CV2-384,CV2-Katirnaentsa,Kantashentsa-T4,"Leo, Morgan, Antonio y Perciles ",Red de arrastre
DSC_0220-KATP1,Peces Morona Nov-2018/PECES CV1 Y CV2,Nikon 5300,11/27/2018,Callichthyidae,Corydoras,atropersonatus,CV2-436,CV2-Katirnaentsa,Katirnaentsa-P1,"Leo, Morgan, Antonio y Perciles ",Red de arrastre
DSC_0221-CHT5,Peces Morona Nov-2018/PECES CV1 Y CV2,Nikon 5300,11/18/2018,Characidae,Moenkhausia,sp. 1,CV1-038,CV1-Mashumbara ,Chapintsa-T5,"Leo, Morgan, Antonio y Perciles ",Red de arrastre
DSC_0221-KANT4,Peces Morona Nov-2018/PECES CV1 Y CV2,Nikon 5300,11/25/2018,Characidae,Hyphessobrycon,loretoensis,CV2-385,CV2-Katirnaentsa,Kantashentsa-T4,"Leo, Morgan, Antonio y Perciles ",Red de arrastre
DSC_0221-KATP1,Peces Morona Nov-2018/PECES CV1 Y CV2,Nikon 5300,11/27/2018,Loricariidae,Loricariichthys,sp. 1,CV2-437,CV2-Katirnaentsa,Katirnaentsa-P1,"Leo, Morgan, Antonio y Perciles ",Red de arrastre
DSC_0222-CHT5,Peces Morona Nov-2018/PECES CV1 Y CV2,Nikon 5300,11/18/2018,Characidae,Moenkhausia,sp. 1,CV1-039,CV1-Mashumbara ,Chapintsa-T5,"Leo, Morgan, Antonio y Perciles ",Red de arrastre
DSC_0222-KANT4,Peces Morona Nov-2018/PECES CV1 Y CV2,Nikon 5300,11/25/2018,Characidae,Hemigrammus,sp. 1,CV2-386,CV2-Katirnaentsa,Kantashentsa-T4,"Leo, Morgan, Antonio y Perciles ",Red de arrastre
DSC_0222-KATP1,Peces Morona Nov-2018/PECES CV1 Y CV2,Nikon 5300,11/27/2018,Loricariidae,Limatulichthys,griseus,CV2-438,CV2-Katirnaentsa,Katirnaentsa-P1,"Leo, Morgan, Antonio y Perciles ",Red de arrastre
DSC_0223-KANT4-DSC_0224-KANT4,Peces Morona Nov-2018/PECES CV1 Y CV2,Nikon 5300,11/25/2018,Loricariidae,Ancistrus,sp. 1,CV2-387,CV2-Katirnaentsa,Kantashentsa-T4,"Leo, Morgan, Antonio y Perciles ",Red de arrastre
DSC_0223-KATP1,Peces Morona Nov-2018/PECES CV1 Y CV2,Nikon 5300,11/27/2018,Loricariidae,Loricaria,sp. 1,CV2-439,CV2-Katirnaentsa,Katirnaentsa-P1,"Leo, Morgan, Antonio y Perciles ",Red de arrastre
DSC_0224-KATP1,Peces Morona Nov-2018/PECES CV1 Y CV2,Nikon 5300,11/27/2018,Characidae,Moenkhausia,dichroura,CV2-440,CV2-Katirnaentsa,Katirnaentsa-P1,"Leo, Morgan, Antonio y Perciles ",Red de arrastre
DSC_0225-KANT5,Peces Morona Nov-2018/PECES CV1 Y CV2,Nikon 5300,11/25/2018,Gasteropelecidae,Gasteropelecus ,sternicla,CV2-388,CV2-Katirnaentsa,Kantashentsa-T5,"Leo, Morgan, Antonio y Perciles ",Red de arrastre
DSC_0225-KATP1,Peces Morona Nov-2018/PECES CV1 Y CV2,Nikon 5300,11/27/2018,Characidae,Hyphessobrycon,rosaceus,CV2-441,CV2-Katirnaentsa,Katirnaentsa-P1,"Leo, Morgan, Antonio y Perciles ",Red de arrastre
DSC_0226-KANT5,Peces Morona Nov-2018/PECES CV1 Y CV2,Nikon 5300,11/25/2018,Gasteropelecidae,Gasteropelecus ,sternicla,CV2-389,CV2-Katirnaentsa,Kantashentsa-T5,"Leo, Morgan, Antonio y Perciles ",Red de arrastre
DSC_0226-KATP1,Peces Morona Nov-2018/PECES CV1 Y CV2,Nikon 5300,11/27/2018,Crenuchidae,Characidium,cf. pellucidum,CV2-442,CV2-Katirnaentsa,Katirnaentsa-P1,"Leo, Morgan, Antonio y Perciles ",Red de arrastre
DSC_0227-KANT5,Peces Morona Nov-2018/PECES CV1 Y CV2,Nikon 5300,11/25/2018,Gasteropelecidae,Gasteropelecus ,sternicla,CV2-390,CV2-Katirnaentsa,Kantashentsa-T5,"Leo, Morgan, Antonio y Perciles ",Red de arrastre
DSC_0227-KATP1,Peces Morona Nov-2018/PECES CV1 Y CV2,Nikon 5300,11/27/2018,Crenuchidae,Characidium,cf. etheostoma,CV2-443,CV2-Katirnaentsa,Katirnaentsa-P1,"Leo, Morgan, Antonio y Perciles ",Red de arrastre
DSC_0228-KANT5,Peces Morona Nov-2018/PECES CV1 Y CV2,Nikon 5300,11/25/2018,Gasteropelecidae,Gasteropelecus ,sternicla,CV2-391,CV2-Katirnaentsa,Kantashentsa-T5,"Leo, Morgan, Antonio y Perciles ",Red de arrastre
DSC_0228-KATP1,Peces Morona Nov-2018/PECES CV1 Y CV2,Nikon 5300,11/27/2018,Crenuchidae,Characidium,cf.pellucidum,CV2-444,CV2-Katirnaentsa,Katirnaentsa-P1,"Leo, Morgan, Antonio y Perciles ",Red de arrastre
DSC_0229-KANT5,Peces Morona Nov-2018/PECES CV1 Y CV2,Nikon 5300,11/25/2018,Gasteropelecidae,Gasteropelecus ,sternicla,CV2-392,CV2-Katirnaentsa,Kantashentsa-T5,"Leo, Morgan, Antonio y Perciles ",Red de arrastre
DSC_0229-KATP1,Peces Morona Nov-2018/PECES CV1 Y CV2,Nikon 5300,11/27/2018,Crenuchidae,Characidium,cf.pellucidum,CV2-445,CV2-Katirnaentsa,Katirnaentsa-P1,"Leo, Morgan, Antonio y Perciles ",Red de arrastre
DSC_0229-KATP2,Peces Morona Nov-2018/PECES CV1 Y CV2,Nikon 5300,11/27/2018,Iguanodectidae,Bryconops,caudomaculatus,CV2-446,CV2-Katirnaentsa,Katirnaentsa-P2,"Leo, Morgan, Antonio y Perciles ",Red de arrastre
DSC_0230-KANT5,Peces Morona Nov-2018/PECES CV1 Y CV2,Nikon 5300,11/25/2018,Characidae,Hyphessobrycon,cf. margitae,CV2-393,CV2-Katirnaentsa,Kantashentsa-T5,"Leo, Morgan, Antonio y Perciles ",Red de arrastre
DSC_0230-KATP2,Peces Morona Nov-2018/PECES CV1 Y CV2,Nikon 5300,11/27/2018,Characidae,Knodus,caquetae,CV2-447,CV2-Katirnaentsa,Katirnaentsa-P2,"Leo, Morgan, Antonio y Perciles ",Red de arrastre
DSC_0231-KANT5,Peces Morona Nov-2018/PECES CV1 Y CV2,Nikon 5300,11/25/2018,Lebiasinidae,Pyrrhulina,cf. brevis,CV2-394,CV2-Katirnaentsa,Kantashentsa-T5,"Leo, Morgan, Antonio y Perciles ",Red de arrastre
DSC_0231-KATP2,Peces Morona Nov-2018/PECES CV1 Y CV2,Nikon 5300,11/27/2018,Loricariidae,Limatulichthys,griseus,CV2-448,CV2-Katirnaentsa,Katirnaentsa-P2,"Leo, Morgan, Antonio y Perciles ",Red de arrastre
DSC_0232-CHT3,Peces Morona Nov-2018/PECES CV1 Y CV2,Nikon 5300,11/17/2018,Callichthyidae,Corydoras,aeneus,CV1-024,CV1-Mashumbara ,Chapintsa-T3,"Leo, Morgan, Antonio y Perciles ",Red de arrastre
DSC_0232-KANT5,Peces Morona Nov-2018/PECES CV1 Y CV2,Nikon 5300,11/25/2018,Lebiasinidae,Pyrrhulina,cf. brevis,CV2-395,CV2-Katirnaentsa,Kantashentsa-T5,"Leo, Morgan, Antonio y Perciles ",Red de arrastre
DSC_0232-KATP2,Peces Morona Nov-2018/PECES CV1 Y CV2,Nikon 5300,11/27/2018,Loricariidae,Loricaria,sp. 1,CV2-449,CV2-Katirnaentsa,Katirnaentsa-P2,"Leo, Morgan, Antonio y Perciles ",Red de arrastre
DSC_0233-CHT3,Peces Morona Nov-2018/PECES CV1 Y CV2,Nikon 5300,11/18/2018,Callichthyidae,Corydoras,elegans,CV1-025,CV1-Mashumbara ,Chapintsa-T3,"Leo, Morgan, Antonio y Perciles ",Red de arrastre
DSC_0233-KANT5,Peces Morona Nov-2018/PECES CV1 Y CV2,Nikon 5300,11/25/2018,Characidae,Chrysobrycon,hesperus,CV2-396,CV2-Katirnaentsa,Kantashentsa-T5,"Leo, Morgan, Antonio y Perciles ",Red de arrastre
DSC_0233-KATP2,Peces Morona Nov-2018/PECES CV1 Y CV2,Nikon 5300,11/27/2018,Characidae,Moenkhausia,dichroura,CV2-450,CV2-Katirnaentsa,Katirnaentsa-P2,"Leo, Morgan, Antonio y Perciles ",Red de arrastre
DSC_0233-MAP2,Peces Morona Nov-2018/PECES CV1 Y CV2,Nikon 5300,11/22/2018,Pimelodidae,Pimelodus,blochii,CV1-250,CV1-Mashumbara ,Mashumbara-P2,"Leo, Morgan, Antonio y Perciles ",Red de arrastre
DSC_0234-CHT1,Peces Morona Nov-2018/PECES CV1 Y CV2,Nikon 5300,11/17/2018,Cichlidae,Apistogramma,aff. cruzi,CV1-013,CV1-Mashumbara ,Chapintsa-T1,"Leo, Morgan, Antonio y Perciles ",Red de arrastre
DSC_0234-CHT3,Peces Morona Nov-2018/PECES CV1 Y CV2,Nikon 5300,11/18/2018,Callichthyidae,Corydoras,elegans,CV1-026,CV1-Mashumbara ,Chapintsa-T3,"Leo, Morgan, Antonio y Perciles ",Red de arrastre
DSC_0234-KANT5,Peces Morona Nov-2018/PECES CV1 Y CV2,Nikon 5300,11/25/2018,Characidae,Chrysobrycon,hesperus,CV2-397,CV2-Katirnaentsa,Kantashentsa-T5,"Leo, Morgan, Antonio y Perciles ",Red de arrastre
DSC_0234-KATP2,Peces Morona Nov-2018/PECES CV1 Y CV2,Nikon 5300,11/27/2018,Callichthyidae,Corydoras,atropersonatus,CV2-451,CV2-Katirnaentsa,Katirnaentsa-P2,"Leo, Morgan, Antonio y Perciles ",Red de arrastre
DSC_0234-MAP2,Peces Morona Nov-2018/PECES CV1 Y CV2,Nikon 5300,11/22/2018,Erythrinidae,Hoplias ,malabaricus,CV1-251,CV1-Mashumbara ,Mashumbara-P2,"Leo, Morgan, Antonio y Perciles ",Red de arrastre
DSC_0235-CHT3,Peces Morona Nov-2018/PECES CV1 Y CV2,Nikon 5300,11/18/2018,Callichthyidae,Corydoras,elegans,CV1-027,CV1-Mashumbara ,Chapintsa-T3,"Leo, Morgan, Antonio y Perciles ",Red de arrastre
DSC_0235-KANT5,Peces Morona Nov-2018/PECES CV1 Y CV2,Nikon 5300,11/25/2018,Lebiasinidae,Copeina ,osgoodi,CV2-398,CV2-Katirnaentsa,Kantashentsa-T5,"Leo, Morgan, Antonio y Perciles ",Red de arrastre
DSC_0235-KATP2,Peces Morona Nov-2018/PECES CV1 Y CV2,Nikon 5300,11/27/2018,Callichthyidae,Corydoras,pastazensis,CV2-452,CV2-Katirnaentsa,Katirnaentsa-P2,"Leo, Morgan, Antonio y Perciles ",Red de arrastre
DSC_0235-MAP2,Peces Morona Nov-2018/PECES CV1 Y CV2,Nikon 5300,11/22/2018,Loricariidae,Loricaria,sp. 1,CV1-252,CV1-Mashumbara ,Mashumbara-P2,"Leo, Morgan, Antonio y Perciles ",Red de arrastre
DSC_0236-CHT3,Peces Morona Nov-2018/PECES CV1 Y CV2,Nikon 5300,11/18/2018,Characidae,Hemigrammus,sp. 2,CV1-028,CV1-Mashumbara ,Chapintsa-T3,"Leo, Morgan, Antonio y Perciles ",Red de arrastre
DSC_0236-KANT5,Peces Morona Nov-2018/PECES CV1 Y CV2,Nikon 5300,11/25/2018,Cichlidae,Apistogramma,aff. cruzi,CV2-399,CV2-Katirnaentsa,Kantashentsa-T5,"Leo, Morgan, Antonio y Perciles ",Red de arrastre
DSC_0236-KATP2,Peces Morona Nov-2018/PECES CV1 Y CV2,Nikon 5300,11/27/2018,Heptapteridae,Imparfinis,cf. stictonotus,CV2-453,CV2-Katirnaentsa,Katirnaentsa-P2,"Leo, Morgan, Antonio y Perciles ",Red de arrastre
DSC_0236-MAP2,Peces Morona Nov-2018/PECES CV1 Y CV2,Nikon 5300,11/22/2018,Anostomidae,Leporinus,friderici,CV1-253,CV1-Mashumbara ,Mashumbara-P2,"Leo, Morgan, Antonio y Perciles ",Red de arrastre
DSC_0237-CHT4,Peces Morona Nov-2018/PECES CV1 Y CV2,Nikon 5300,11/18/2018,Characidae,Moenkhausia,sp. 1,CV1-029,CV1-Mashumbara ,Chapintsa-T4,"Leo, Morgan, Antonio y Perciles ",Red de arrastre
DSC_0237-KANT5,Peces Morona Nov-2018/PECES CV1 Y CV2,Nikon 5300,11/25/2018,Cichlidae,Apistogramma,bitaeniata,CV2-400,CV2-Katirnaentsa,Kantashentsa-T5,"Leo, Morgan, Antonio y Perciles ",Red de arrastre
DSC_0237-KATP2,Peces Morona Nov-2018/PECES CV1 Y CV2,Nikon 5300,11/27/2018,Trichomycteridae,Ochmacanthus ,reinhardtii ,CV2-454,CV2-Katirnaentsa,Katirnaentsa-P2,"Leo, Morgan, Antonio y Perciles ",Red de arrastre
DSC_0237-MAP2,Peces Morona Nov-2018/PECES CV1 Y CV2,Nikon 5300,11/22/2018,Anostomidae,Leporinus,friderici,CV1-254,CV1-Mashumbara ,Mashumbara-P2,"Leo, Morgan, Antonio y Perciles ",Red de arrastre
DSC_0238-KANT5,Peces Morona Nov-2018/PECES CV1 Y CV2,Nikon 5300,11/25/2018,Cichlidae,Apistogramma,aff. cruzi,CV2-401,CV2-Katirnaentsa,Kantashentsa-T5,"Leo, Morgan, Antonio y Perciles ",Red de arrastre
DSC_0238-KATP2,Peces Morona Nov-2018/PECES CV1 Y CV2,Nikon 5300,11/27/2018,Crenuchidae,Characidium,sp. 1,CV2-455,CV2-Katirnaentsa,Katirnaentsa-P2,"Leo, Morgan, Antonio y Perciles ",Red de arrastre
DSC_0238-MAP2,Peces Morona Nov-2018/PECES CV1 Y CV2,Nikon 5300,11/22/2018,Anostomidae,Leporinus,friderici,CV1-255,CV1-Mashumbara ,Mashumbara-P2,"Leo, Morgan, Antonio y Perciles ",Red de arrastre
DSC_0239-KANT5,Peces Morona Nov-2018/PECES CV1 Y CV2,Nikon 5300,11/25/2018,Cichlidae,Apistogramma,aff. cruzi,CV2-402,CV2-Katirnaentsa,Kantashentsa-T5,"Leo, Morgan, Antonio y Perciles ",Red de arrastre
DSC_0239-KATP2,Peces Morona Nov-2018/PECES CV1 Y CV2,Nikon 5300,11/27/2018,Characidae,Moenkhausia,collettii,CV2-456,CV2-Katirnaentsa,Katirnaentsa-P2,"Leo, Morgan, Antonio y Perciles ",Red de arrastre
DSC_0239-MAP2,Peces Morona Nov-2018/PECES CV1 Y CV2,Nikon 5300,11/22/2018,Anostomidae,Leporinus,friderici,CV1-256,CV1-Mashumbara ,Mashumbara-P2,"Leo, Morgan, Antonio y Perciles ",Red de arrastre
DSC_0240-KANT5,Peces Morona Nov-2018/PECES CV1 Y CV2,Nikon 5300,11/25/2018,Cichlidae,Apistogramma,aff. cruzi,CV2-403,CV2-Katirnaentsa,Kantashentsa-T5,"Leo, Morgan, Antonio y Perciles ",Red de arrastre
DSC_0240-KATP2,Peces Morona Nov-2018/PECES CV1 Y CV2,Nikon 5300,11/27/2018,Characidae,Moenkhausia,dichroura,CV2-457,CV2-Katirnaentsa,Katirnaentsa-P2,"Leo, Morgan, Antonio y Perciles ",Red de arrastre
DSC_0240-MAP1,Peces Morona Nov-2018/PECES CV1 Y CV2,Nikon 5300,11/21/2018,Characidae,Phenacogaster,napoatilis,CV1-128,CV1-Mashumbara ,Mashumbara-P1,"Leo, Morgan, Antonio y Perciles ",Red de arrastre
DSC_0240-MAP2,Peces Morona Nov-2018/PECES CV1 Y CV2,Nikon 5300,11/22/2018,Anostomidae,Leporinus,friderici,CV1-257,CV1-Mashumbara ,Mashumbara-P2,"Leo, Morgan, Antonio y Perciles ",Red de arrastre
DSC_0241-CHT4,Peces Morona Nov-2018/PECES CV1 Y CV2,Nikon 5300,11/18/2018,Characidae,Hemigrammus,sp. 2,CV1-031,CV1-Mashumbara ,Chapintsa-T4,"Leo, Morgan, Antonio y Perciles ",Red de arrastre
DSC_0241-KANT5,Peces Morona Nov-2018/PECES CV1 Y CV2,Nikon 5300,11/25/2018,Cichlidae,Laetacara,flavilabris,CV2-404,CV2-Katirnaentsa,Kantashentsa-T5,"Leo, Morgan, Antonio y Perciles ",Red de arrastre
DSC_0241-KATP2,Peces Morona Nov-2018/PECES CV1 Y CV2,Nikon 5300,11/27/2018,Characidae,Moenkhausia,dichroura,CV2-458,CV2-Katirnaentsa,Katirnaentsa-P2,"Leo, Morgan, Antonio y Perciles ",Red de arrastre
DSC_0241-MAP1,Peces Morona Nov-2018/PECES CV1 Y CV2,Nikon 5300,11/21/2018,Characidae,Phenacogaster,napoatilis,CV1-129,CV1-Mashumbara ,Mashumbara-P1,"Leo, Morgan, Antonio y Perciles ",Red de arrastre
DSC_0241-MAP2,Peces Morona Nov-2018/PECES CV1 Y CV2,Nikon 5300,11/22/2018,Characidae,Brachycalcinus,nummus,CV1-258,CV1-Mashumbara ,Mashumbara-P2,"Leo, Morgan, Antonio y Perciles ",Red de arrastre
DSC_0242-KANT5,Peces Morona Nov-2018/PECES CV1 Y CV2,Nikon 5300,11/25/2018,Characidae,Moenkhausia,sp. 1,CV2-405,CV2-Katirnaentsa,Kantashentsa-T5,"Leo, Morgan, Antonio y Perciles ",Red de arrastre
DSC_0242-KATP2,Peces Morona Nov-2018/PECES CV1 Y CV2,Nikon 5300,11/27/2018,Crenuchidae,Characidium,cf. etheostoma,CV2-459,CV2-Katirnaentsa,Katirnaentsa-P2,"Leo, Morgan, Antonio y Perciles ",Red de arrastre
DSC_0242-MAP1,Peces Morona Nov-2018/PECES CV1 Y CV2,Nikon 5300,11/21/2018,Characidae,Phenacogaster,napoatilis,CV1-130,CV1-Mashumbara ,Mashumbara-P1,"Leo, Morgan, Antonio y Perciles ",Red de arrastre
DSC_0242-MAP2,Peces Morona Nov-2018/PECES CV1 Y CV2,Nikon 5300,11/22/2018,Characidae,Brachycalcinus,nummus,CV1-259,CV1-Mashumbara ,Mashumbara-P2,"Leo, Morgan, Antonio y Perciles ",Red de arrastre
DSC_0243-KANT5,Peces Morona Nov-2018/PECES CV1 Y CV2,Nikon 5300,11/25/2018,Characidae,Moenkhausia,comma,CV2-406,CV2-Katirnaentsa,Kantashentsa-T5,"Leo, Morgan, Antonio y Perciles ",Red de arrastre
DSC_0243-MAP1,Peces Morona Nov-2018/PECES CV1 Y CV2,Nikon 5300,11/21/2018,Characidae,Moenkhausia,intermedia,CV1-131,CV1-Mashumbara ,Mashumbara-P1,"Leo, Morgan, Antonio y Perciles ",Red de arrastre
DSC_0243-MAP2,Peces Morona Nov-2018/PECES CV1 Y CV2,Nikon 5300,11/22/2018,Characidae,Brachycalcinus,nummus,CV1-260,CV1-Mashumbara ,Mashumbara-P2,"Leo, Morgan, Antonio y Perciles ",Red de arrastre
DSC_0244-KANT5,Peces Morona Nov-2018/PECES CV1 Y CV2,Nikon 5300,11/25/2018,Characidae,Hyphessobrycon,agulha,CV2-407,CV2-Katirnaentsa,Kantashentsa-T5,"Leo, Morgan, Antonio y Perciles ",Red de arrastre
DSC_0244-MAP1,Peces Morona Nov-2018/PECES CV1 Y CV2,Nikon 5300,11/21/2018,Curimatidae,Steindachnerina,sp. 1,CV1-132,CV1-Mashumbara ,Mashumbara-P1,"Leo, Morgan, Antonio y Perciles ",Red de arrastre
DSC_0244-MAP2,Peces Morona Nov-2018/PECES CV1 Y CV2,Nikon 5300,11/22/2018,Characidae,Tetragonopterus,argenteus,CV1-261,CV1-Mashumbara ,Mashumbara-P2,"Leo, Morgan, Antonio y Perciles ",Red de arrastre
DSC_0245-KANT5,Peces Morona Nov-2018/PECES CV1 Y CV2,Nikon 5300,11/25/2018,Gasteropelecidae,Carnegiella,strigata,CV2-408,CV2-Katirnaentsa,Kantashentsa-T5,"Leo, Morgan, Antonio y Perciles ",Red de arrastre
DSC_0245-MAP1,Peces Morona Nov-2018/PECES CV1 Y CV2,Nikon 5300,11/21/2018,Curimatidae,Steindachnerina,sp. 1,CV1-133,CV1-Mashumbara ,Mashumbara-P1,"Leo, Morgan, Antonio y Perciles ",Red de arrastre
DSC_0245-MAP2,Peces Morona Nov-2018/PECES CV1 Y CV2,Nikon 5300,11/22/2018,Characidae,Moenkhausia,oligolepis,CV1-262,CV1-Mashumbara ,Mashumbara-P2,"Leo, Morgan, Antonio y Perciles ",Red de arrastre
DSC_0246-KANT5,Peces Morona Nov-2018/PECES CV1 Y CV2,Nikon 5300,11/25/2018,Characidae,Hyphessobrycon,cf. margitae,CV2-409,CV2-Katirnaentsa,Kantashentsa-T5,"Leo, Morgan, Antonio y Perciles ",Red de arrastre
DSC_0246-MAP1,Peces Morona Nov-2018/PECES CV1 Y CV2,Nikon 5300,11/21/2018,Curimatidae,Steindachnerina,sp. 1,CV1-134,CV1-Mashumbara ,Mashumbara-P1,"Leo, Morgan, Antonio y Perciles ",Red de arrastre
DSC_0246-MAP2,Peces Morona Nov-2018/PECES CV1 Y CV2,Nikon 5300,11/22/2018,Characidae,Phenacogaster,napoatilis,CV1-263,CV1-Mashumbara ,Mashumbara-P2,"Leo, Morgan, Antonio y Perciles ",Red de arrastre
DSC_0247-KANT6,Peces Morona Nov-2018/PECES CV1 Y CV2,Nikon 5300,11/25/2018,Callichthyidae,Corydoras,aeneus,CV2-410,CV2-Katirnaentsa,Kantashentsa-T6,"Leo, Morgan, Antonio y Perciles ",Red de arrastre
DSC_0247-MAP1,Peces Morona Nov-2018/PECES CV1 Y CV2,Nikon 5300,11/21/2018,Curimatidae,Steindachnerina,sp. 1,CV1-135,CV1-Mashumbara ,Mashumbara-P1,"Leo, Morgan, Antonio y Perciles ",Red de arrastre
DSC_0247-MAP2,Peces Morona Nov-2018/PECES CV1 Y CV2,Nikon 5300,11/22/2018,Characidae,Phenacogaster,napoatilis,CV1-264,CV1-Mashumbara ,Mashumbara-P2,"Leo, Morgan, Antonio y Perciles ",Red de arrastre
DSC_0248-KANT6,Peces Morona Nov-2018/PECES CV1 Y CV2,Nikon 5300,11/25/2018,Callichthyidae,Corydoras,aeneus,CV2-411,CV2-Katirnaentsa,Kantashentsa-T6,"Leo, Morgan, Antonio y Perciles ",Red de arrastre
DSC_0248-MAP1,Peces Morona Nov-2018/PECES CV1 Y CV2,Nikon 5300,11/21/2018,Curimatidae,Steindachnerina,sp. 1,CV1-136,CV1-Mashumbara ,Mashumbara-P1,"Leo, Morgan, Antonio y Perciles ",Red de arrastre
DSC_0248-MAP2,Peces Morona Nov-2018/PECES CV1 Y CV2,Nikon 5300,11/22/2018,Characidae,Phenacogaster,cf. capitulatus,CV1-265,CV1-Mashumbara ,Mashumbara-P2,"Leo, Morgan, Antonio y Perciles ",Red de arrastre
DSC_0249-CV2-TRAMPA,Peces Morona Nov-2018/PECES CV1 Y CV2,Nikon 5300,11/29/2018,Pimelodidae,Pinirampus,pinirampu,CV2-500,CV2-Katirnaentsa,Katirnaentsa,"Leo, Morgan, Antonio y Perciles ",Red de espera
DSC_0249-KANT6,Peces Morona Nov-2018/PECES CV1 Y CV2,Nikon 5300,11/25/2018,Callichthyidae,Corydoras,aeneus,CV2-412,CV2-Katirnaentsa,Kantashentsa-T6,"Leo, Morgan, Antonio y Perciles ",Red de arrastre
DSC_0249-MAP1,Peces Morona Nov-2018/PECES CV1 Y CV2,Nikon 5300,11/21/2018,Curimatidae,Steindachnerina,sp. 1,CV1-137,CV1-Mashumbara ,Mashumbara-P1,"Leo, Morgan, Antonio y Perciles ",Red de arrastre
DSC_0250-KANT6,Peces Morona Nov-2018/PECES CV1 Y CV2,Nikon 5300,11/25/2018,Cichlidae,Apistogramma,bitaeniata,CV2-413,CV2-Katirnaentsa,Kantashentsa-T6,"Leo, Morgan, Antonio y Perciles ",Red de arrastre
DSC_0250-MAP1,Peces Morona Nov-2018/PECES CV1 Y CV2,Nikon 5300,11/21/2018,Curimatidae,Steindachnerina,sp. 1,CV1-138,CV1-Mashumbara ,Mashumbara-P1,"Leo, Morgan, Antonio y Perciles ",Red de arrastre
DSC_0251-KANT6,Peces Morona Nov-2018/PECES CV1 Y CV2,Nikon 5300,11/25/2018,Cichlidae,Apistogramma,aff. cruzi,CV2-414,CV2-Katirnaentsa,Kantashentsa-T6,"Leo, Morgan, Antonio y Perciles ",Red de arrastre
DSC_0251-MAP1,Peces Morona Nov-2018/PECES CV1 Y CV2,Nikon 5300,11/21/2018,Curimatidae,Steindachnerina,sp. 1,CV1-139,CV1-Mashumbara ,Mashumbara-P1,"Leo, Morgan, Antonio y Perciles ",Red de arrastre
DSC_0251-MAP2,Peces Morona Nov-2018/PECES CV1 Y CV2,Nikon 5300,11/22/2018,Serrasalmidae,Serrasalmus,rhombeus,CV1-266,CV1-Mashumbara ,Mashumbara-P2,"Leo, Morgan, Antonio y Perciles ",Red de arrastre
DSC_0252-KANT6,Peces Morona Nov-2018/PECES CV1 Y CV2,Nikon 5300,11/25/2018,Cichlidae,Bujurquina,moriorum,CV2-415,CV2-Katirnaentsa,Kantashentsa-T6,"Leo, Morgan, Antonio y Perciles ",Red de arrastre
DSC_0252-MAP1,Peces Morona Nov-2018/PECES CV1 Y CV2,Nikon 5300,11/21/2018,Curimatidae,Steindachnerina,sp. 1,CV1-140,CV1-Mashumbara ,Mashumbara-P1,"Leo, Morgan, Antonio y Perciles ",Red de arrastre
DSC_0252-MAP2,Peces Morona Nov-2018/PECES CV1 Y CV2,Nikon 5300,11/22/2018,Callichthyidae,Corydoras,atropersonatus,CV1-267,CV1-Mashumbara ,Mashumbara-P2,"Leo, Morgan, Antonio y Perciles ",Red de arrastre
DSC_0253-KANT6,Peces Morona Nov-2018/PECES CV1 Y CV2,Nikon 5300,11/25/2018,Characidae,Chrysobrycon,hesperus,CV2-416,CV2-Katirnaentsa,Kantashentsa-T6,"Leo, Morgan, Antonio y Perciles ",Red de arrastre
DSC_0253-MAP1,Peces Morona Nov-2018/PECES CV1 Y CV2,Nikon 5300,11/21/2018,Curimatidae,Steindachnerina,sp. 1,CV1-141,CV1-Mashumbara ,Mashumbara-P1,"Leo, Morgan, Antonio y Perciles ",Red de arrastre
DSC_0253-MAP2,Peces Morona Nov-2018/PECES CV1 Y CV2,Nikon 5300,11/22/2018,Callichthyidae,Corydoras,atropersonatus,CV1-268,CV1-Mashumbara ,Mashumbara-P2,"Leo, Morgan, Antonio y Perciles ",Red de arrastre
DSC_0254-KANT6,Peces Morona Nov-2018/PECES CV1 Y CV2,Nikon 5300,11/25/2018,Characidae,Chrysobrycon,hesperus,CV2-417,CV2-Katirnaentsa,Kantashentsa-T6,"Leo, Morgan, Antonio y Perciles ",Red de arrastre
DSC_0254-MAP1,Peces Morona Nov-2018/PECES CV1 Y CV2,Nikon 5300,11/21/2018,Curimatidae,Steindachnerina,sp. 1,CV1-142,CV1-Mashumbara ,Mashumbara-P1,"Leo, Morgan, Antonio y Perciles ",Red de arrastre
DSC_0254-MAP2,Peces Morona Nov-2018/PECES CV1 Y CV2,Nikon 5300,11/22/2018,Callichthyidae,Corydoras,atropersonatus,CV1-269,CV1-Mashumbara ,Mashumbara-P2,"Leo, Morgan, Antonio y Perciles ",Red de arrastre
DSC_0255-KANT6,Peces Morona Nov-2018/PECES CV1 Y CV2,Nikon 5300,11/25/2018,Characidae,Chrysobrycon,hesperus,CV2-418,CV2-Katirnaentsa,Kantashentsa-T6,"Leo, Morgan, Antonio y Perciles ",Red de arrastre
DSC_0255-MAP1,Peces Morona Nov-2018/PECES CV1 Y CV2,Nikon 5300,11/21/2018,Curimatidae,Steindachnerina,sp. 1,CV1-143,CV1-Mashumbara ,Mashumbara-P1,"Leo, Morgan, Antonio y Perciles ",Red de arrastre
DSC_0255-MAP2,Peces Morona Nov-2018/PECES CV1 Y CV2,Nikon 5300,11/22/2018,Callichthyidae,Corydoras,trilineatus,CV1-270,CV1-Mashumbara ,Mashumbara-P2,"Leo, Morgan, Antonio y Perciles ",Red de arrastre
DSC_02561-KATP3 DSC_02591-KATP3,Peces Morona Nov-2018/PECES CV1 Y CV2,Nikon 5300,11/28/2018,Pimelodidae,Pseudoplatystoma ,punctifer,CV2-489,CV2-Katirnaentsa,Katirnaentsa-P3,"Leo, Morgan, Antonio y Perciles ",Red de arrastre
DSC_0256-KANT6,Peces Morona Nov-2018/PECES CV1 Y CV2,Nikon 5300,11/25/2018,Characidae,Hemigrammus,sp. 2,CV2-419,CV2-Katirnaentsa,Kantashentsa-T6,"Leo, Morgan, Antonio y Perciles ",Red de arrastre
DSC_0256-MAP1,Peces Morona Nov-2018/PECES CV1 Y CV2,Nikon 5300,11/21/2018,Curimatidae,Steindachnerina,sp. 1,CV1-144,CV1-Mashumbara ,Mashumbara-P1,"Leo, Morgan, Antonio y Perciles ",Red de arrastre
DSC_0256-MAP2-DSC_0257-MAP2,Peces Morona Nov-2018/PECES CV1 Y CV2,Nikon 5300,11/22/2018,Loricariidae,Ancistrus,sp. 1,CV1-271,CV1-Mashumbara ,Mashumbara-P2,"Leo, Morgan, Antonio y Perciles ",Red de arrastre
DSC_0257-KANT6,Peces Morona Nov-2018/PECES CV1 Y CV2,Nikon 5300,11/25/2018,Characidae,Hemigrammus,sp. 2,CV2-420,CV2-Katirnaentsa,Kantashentsa-T6,"Leo, Morgan, Antonio y Perciles ",Red de arrastre
DSC_0257-MAP1,Peces Morona Nov-2018/PECES CV1 Y CV2,Nikon 5300,11/21/2018,Curimatidae,Steindachnerina,sp. 1,CV1-145,CV1-Mashumbara ,Mashumbara-P1,"Leo, Morgan, Antonio y Perciles ",Red de arrastre
DSC_0258-CV1-TRAMPA,Peces Morona Nov-2018/PECES CV1 Y CV2,Nikon 5300,11/19/2018,Erythrinidae,Hoplias ,malabaricus,CV1-286,CV1-Mashumbara ,Mashumbara,"Leo, Morgan, Antonio y Perciles ",Red de espera
DSC_0258-KANT6,Peces Morona Nov-2018/PECES CV1 Y CV2,Nikon 5300,11/25/2018,Characidae,Hemigrammus,sp. 2,CV2-421,CV2-Katirnaentsa,Kantashentsa-T6,"Leo, Morgan, Antonio y Perciles ",Red de arrastre
DSC_0258-MAP1,Peces Morona Nov-2018/PECES CV1 Y CV2,Nikon 5300,11/21/2018,Curimatidae,Steindachnerina,sp. 1,CV1-146,CV1-Mashumbara ,Mashumbara-P1,"Leo, Morgan, Antonio y Perciles ",Red de arrastre
DSC_0258-MAP2,Peces Morona Nov-2018/PECES CV1 Y CV2,Nikon 5300,11/22/2018,Callichthyidae,Corydoras,atropersonatus,CV1-272,CV1-Mashumbara ,Mashumbara-P2,"Leo, Morgan, Antonio y Perciles ",Red de arrastre
DSC_0259-KANT6,Peces Morona Nov-2018/PECES CV1 Y CV2,Nikon 5300,11/25/2018,Characidae,Moenkhausia,sp. 1,CV2-422,CV2-Katirnaentsa,Kantashentsa-T6,"Leo, Morgan, Antonio y Perciles ",Red de arrastre
DSC_0259-MAP1,Peces Morona Nov-2018/PECES CV1 Y CV2,Nikon 5300,11/21/2018,Characidae,Creagrutus,beni,CV1-147,CV1-Mashumbara ,Mashumbara-P1,"Leo, Morgan, Antonio y Perciles ",Red de arrastre
DSC_0259-MAP2,Peces Morona Nov-2018/PECES CV1 Y CV2,Nikon 5300,11/22/2018,Callichthyidae,Corydoras,atropersonatus,CV1-273,CV1-Mashumbara ,Mashumbara-P2,"Leo, Morgan, Antonio y Perciles ",Red de arrastre
DSC_0260-KANT6,Peces Morona Nov-2018/PECES CV1 Y CV2,Nikon 5300,11/25/2018,Characidae,Hemigrammus,sp. 1,CV2-423,CV2-Katirnaentsa,Kantashentsa-T6,"Leo, Morgan, Antonio y Perciles ",Red de arrastre
DSC_0260-MAP1,Peces Morona Nov-2018/PECES CV1 Y CV2,Nikon 5300,11/21/2018,Characidae,Knodus,caquetae,CV1-148,CV1-Mashumbara ,Mashumbara-P1,"Leo, Morgan, Antonio y Perciles ",Red de arrastre
DSC_0260-MAP2-DSC_0261-MAP2,Peces Morona Nov-2018/PECES CV1 Y CV2,Nikon 5300,11/22/2018,Trichomycteridae,Acanthopoma,annectens,CV1-274,CV1-Mashumbara ,Mashumbara-P2,"Leo, Morgan, Antonio y Perciles ",Red de arrastre
DSC_0261-MAP1,Peces Morona Nov-2018/PECES CV1 Y CV2,Nikon 5300,11/21/2018,Characidae,Knodus,caquetae,CV1-149,CV1-Mashumbara ,Mashumbara-P1,"Leo, Morgan, Antonio y Perciles ",Red de arrastre
DSC_0262-MAP1,Peces Morona Nov-2018/PECES CV1 Y CV2,Nikon 5300,11/21/2018,Characidae,Moenkhausia,intermedia,CV1-150,CV1-Mashumbara ,Mashumbara-P1,"Leo, Morgan, Antonio y Perciles ",Red de arrastre
DSC_0263-CV1-TRAMPA,Peces Morona Nov-2018/PECES CV1 Y CV2,Nikon 5300,11/19/2018,Auchenipteridae,Ageneiosus,sp. 1,CV1-290,CV1-Mashumbara ,Mashumbara,"Leo, Morgan, Antonio y Perciles ",Red de espera
DSC_0263-MAP1,Peces Morona Nov-2018/PECES CV1 Y CV2,Nikon 5300,11/21/2018,Characidae,Creagrutus,beni,CV1-151,CV1-Mashumbara ,Mashumbara-P1,"Leo, Morgan, Antonio y Perciles ",Red de arrastre
DSC_0264-MAP1,Peces Morona Nov-2018/PECES CV1 Y CV2,Nikon 5300,11/21/2018,Characidae,Knodus,caquetae,CV1-152,CV1-Mashumbara ,Mashumbara-P1,"Leo, Morgan, Antonio y Perciles ",Red de arrastre
DSC_0265-MAP1,Peces Morona Nov-2018/PECES CV1 Y CV2,Nikon 5300,11/21/2018,Characidae,Creagrutus,beni,CV1-153,CV1-Mashumbara ,Mashumbara-P1,"Leo, Morgan, Antonio y Perciles ",Red de arrastre
DSC_0266-MAP2,Peces Morona Nov-2018/PECES CV1 Y CV2,Nikon 5300,11/22/2018,Loricariidae,Farlowella ,sp. 1,CV1-275,CV1-Mashumbara ,Mashumbara-P2,"Leo, Morgan, Antonio y Perciles ",Red de arrastre
DSC_0267-CV1-TRAMPA,Peces Morona Nov-2018/PECES CV1 Y CV2,Nikon 5300,11/19/2018,Erythrinidae,Hoplias ,malabaricus,CV1-287,CV1-Mashumbara ,Mashumbara,"Leo, Morgan, Antonio y Perciles ",Red de espera
DSC_0267-MAP1,Peces Morona Nov-2018/PECES CV1 Y CV2,Nikon 5300,11/21/2018,Characidae,Knodus,caquetae,CV1-154,CV1-Mashumbara ,Mashumbara-P1,"Leo, Morgan, Antonio y Perciles ",Red de arrastre
DSC_0267-MAP2,Peces Morona Nov-2018/PECES CV1 Y CV2,Nikon 5300,11/22/2018,Crenuchidae,Characidium,cf. etheostoma,CV1-276,CV1-Mashumbara ,Mashumbara-P2,"Leo, Morgan, Antonio y Perciles ",Red de arrastre
DSC_0268-CV1-TRAMPA,Peces Morona Nov-2018/PECES CV1 Y CV2,Nikon 5300,11/19/2018,Erythrinidae,Hoplias ,malabaricus,CV1-288,CV1-Mashumbara ,Mashumbara,"Leo, Morgan, Antonio y Perciles ",Red de espera
DSC_0268-MAP1,Peces Morona Nov-2018/PECES CV1 Y CV2,Nikon 5300,11/21/2018,Characidae,Creagrutus,beni,CV1-155,CV1-Mashumbara ,Mashumbara-P1,"Leo, Morgan, Antonio y Perciles ",Red de arrastre
DSC_0268-MAP2,Peces Morona Nov-2018/PECES CV1 Y CV2,Nikon 5300,11/22/2018,Characidae,Phenacogaster,napoatilis,CV1-277,CV1-Mashumbara ,Mashumbara-P2,"Leo, Morgan, Antonio y Perciles ",Red de arrastre
DSC_0269-CV1-TRAMPA,Peces Morona Nov-2018/PECES CV1 Y CV2,Nikon 5300,11/19/2018,Cichlidae,Bujurquina,huallagae,CV1-289,CV1-Mashumbara ,Mashumbara,"Leo, Morgan, Antonio y Perciles ",Red de espera
DSC_0269-MAP1,Peces Morona Nov-2018/PECES CV1 Y CV2,Nikon 5300,11/21/2018,Characidae,Knodus,caquetae,CV1-156,CV1-Mashumbara ,Mashumbara-P1,"Leo, Morgan, Antonio y Perciles ",Red de arrastre
DSC_0269-MAP2,Peces Morona Nov-2018/PECES CV1 Y CV2,Nikon 5300,11/22/2018,Crenuchidae,Characidium,cf.pellucidum,CV1-278,CV1-Mashumbara ,Mashumbara-P2,"Leo, Morgan, Antonio y Perciles ",Red de arrastre
DSC_0270-CV1-TRAMPA,Peces Morona Nov-2018/PECES CV1 Y CV2,Nikon 5300,11/19/2018,Serrasalmidae,Serrasalmus,rhombeus,CV1-291,CV1-Mashumbara ,Mashumbara,"Leo, Morgan, Antonio y Perciles ",Red de espera
DSC_0270-MAP1,Peces Morona Nov-2018/PECES CV1 Y CV2,Nikon 5300,11/21/2018,Characidae,Knodus,caquetae,CV1-157,CV1-Mashumbara ,Mashumbara-P1,"Leo, Morgan, Antonio y Perciles ",Red de arrastre
DSC_0270-MAP2-DSC_0271-MAP2,Peces Morona Nov-2018/PECES CV1 Y CV2,Nikon 5300,11/22/2018,Loricariidae,Hypoptopoma,sp. 1,CV1-279,CV1-Mashumbara ,Mashumbara-P2,"Leo, Morgan, Antonio y Perciles ",Red de arrastre
DSC_0271-CHT6,Peces Morona Nov-2018/PECES CV1 Y CV2,Nikon 5300,11/19/2018,Lebiasinidae,Pyrrhulina,cf. brevis,CV1-040,CV1-Mashumbara ,Chapintsa-T6,"Leo, Morgan, Antonio y Perciles ",Red de arrastre
DSC_0271-MAP1,Peces Morona Nov-2018/PECES CV1 Y CV2,Nikon 5300,11/21/2018,Heptapteridae,Pimelodella,cf. hasemani,CV1-158,CV1-Mashumbara ,Mashumbara-P1,"Leo, Morgan, Antonio y Perciles ",Red de arrastre
DSC_0272-CHT6,Peces Morona Nov-2018/PECES CV1 Y CV2,Nikon 5300,11/19/2018,Lebiasinidae,Pyrrhulina,cf. brevis,CV1-041,CV1-Mashumbara ,Chapintsa-T6,"Leo, Morgan, Antonio y Perciles ",Red de arrastre
DSC_0272-MAP1,Peces Morona Nov-2018/PECES CV1 Y CV2,Nikon 5300,11/21/2018,Characidae,Knodus,caquetae,CV1-159,CV1-Mashumbara ,Mashumbara-P1,"Leo, Morgan, Antonio y Perciles ",Red de arrastre
DSC_0272-MAP2-DSC_0273-MAP2,Peces Morona Nov-2018/PECES CV1 Y CV2,Nikon 5300,11/22/2018,Loricariidae,Otocinclus,vittatus,CV1-280,CV1-Mashumbara ,Mashumbara-P2,"Leo, Morgan, Antonio y Perciles ",Red de arrastre
DSC_0273-CHT6,Peces Morona Nov-2018/PECES CV1 Y CV2,Nikon 5300,11/19/2018,Characidae,Hyphessobrycon,cf. margitae,CV1-042,CV1-Mashumbara ,Chapintsa-T6,"Leo, Morgan, Antonio y Perciles ",Red de arrastre
DSC_0273-MAP1,Peces Morona Nov-2018/PECES CV1 Y CV2,Nikon 5300,11/21/2018,Heptapteridae,Imparfinis,cf. stictonotus,CV1-160,CV1-Mashumbara ,Mashumbara-P1,"Leo, Morgan, Antonio y Perciles ",Red de arrastre
DSC_0274-CHT6,Peces Morona Nov-2018/PECES CV1 Y CV2,Nikon 5300,11/19/2018,Characidae,Hyphessobrycon,cf. margitae,CV1-043,CV1-Mashumbara ,Chapintsa-T6,"Leo, Morgan, Antonio y Perciles ",Red de arrastre
DSC_0274-MAP1,Peces Morona Nov-2018/PECES CV1 Y CV2,Nikon 5300,11/21/2018,Heptapteridae,Imparfinis,cf. stictonotus,CV1-161,CV1-Mashumbara ,Mashumbara-P1,"Leo, Morgan, Antonio y Perciles ",Red de arrastre
DSC_0274-MAP2,Peces Morona Nov-2018/PECES CV1 Y CV2,Nikon 5300,11/22/2018,Iguanodectidae,Bryconops,caudomaculatus,CV1-281,CV1-Mashumbara ,Mashumbara-P2,"Leo, Morgan, Antonio y Perciles ",Red de arrastre
DSC_0275-CHT6,Peces Morona Nov-2018/PECES CV1 Y CV2,Nikon 5300,11/19/2018,Characidae,Moenkhausia,sp. 1,CV1-044,CV1-Mashumbara ,Chapintsa-T6,"Leo, Morgan, Antonio y Perciles ",Red de arrastre
DSC_0275-MAP1,Peces Morona Nov-2018/PECES CV1 Y CV2,Nikon 5300,11/21/2018,Heptapteridae,Imparfinis,cf. stictonotus,CV1-162,CV1-Mashumbara ,Mashumbara-P1,"Leo, Morgan, Antonio y Perciles ",Red de arrastre
DSC_0275-MAP2,Peces Morona Nov-2018/PECES CV1 Y CV2,Nikon 5300,11/22/2018,Iguanodectidae,Bryconops,caudomaculatus,CV1-282,CV1-Mashumbara ,Mashumbara-P2,"Leo, Morgan, Antonio y Perciles ",Red de arrastre
DSC_0276-CHT6,Peces Morona Nov-2018/PECES CV1 Y CV2,Nikon 5300,11/19/2018,Characidae,Moenkhausia,sp. 1,CV1-045,CV1-Mashumbara ,Chapintsa-T6,"Leo, Morgan, Antonio y Perciles ",Red de arrastre
DSC_0276-MAP1,Peces Morona Nov-2018/PECES CV1 Y CV2,Nikon 5300,11/21/2018,Heptapteridae,Imparfinis,cf. stictonotus,CV1-163,CV1-Mashumbara ,Mashumbara-P1,"Leo, Morgan, Antonio y Perciles ",Red de arrastre
DSC_0276-MAP2-DSC_0277-MAP2,Peces Morona Nov-2018/PECES CV1 Y CV2,Nikon 5300,11/22/2018,Loricariidae,Hypostomus,sp. 2,CV1-283,CV1-Mashumbara ,Mashumbara-P2,"Leo, Morgan, Antonio y Perciles ",Red de arrastre
DSC_0277-CHT6,Peces Morona Nov-2018/PECES CV1 Y CV2,Nikon 5300,11/19/2018,Characidae,Moenkhausia,sp. 1,CV1-046,CV1-Mashumbara ,Chapintsa-T6,"Leo, Morgan, Antonio y Perciles ",Red de arrastre
DSC_0277-MAP1,Peces Morona Nov-2018/PECES CV1 Y CV2,Nikon 5300,11/21/2018,Heptapteridae,Imparfinis,cf. stictonotus,CV1-164,CV1-Mashumbara ,Mashumbara-P1,"Leo, Morgan, Antonio y Perciles ",Red de arrastre
DSC_0278-CHT6,Peces Morona Nov-2018/PECES CV1 Y CV2,Nikon 5300,11/19/2018,Lebiasinidae,Pyrrhulina,cf. brevis,CV1-047,CV1-Mashumbara ,Chapintsa-T6,"Leo, Morgan, Antonio y Perciles ",Red de arrastre
DSC_0278-CV2-TRAMPA,Peces Morona Nov-2018/PECES CV1 Y CV2,Nikon 5300,11/29/2018,Serrasalmidae,Mylossoma,albiscopum,CV2-501,CV2-Katirnaentsa,Katirnaentsa,"Leo, Morgan, Antonio y Perciles ",Red de espera
DSC_0278-MAP1,Peces Morona Nov-2018/PECES CV1 Y CV2,Nikon 5300,11/21/2018,Heptapteridae,Imparfinis,cf. stictonotus,CV1-165,CV1-Mashumbara ,Mashumbara-P1,"Leo, Morgan, Antonio y Perciles ",Red de arrastre
DSC_0278-MAP2-DSC_0279-MAP2,Peces Morona Nov-2018/PECES CV1 Y CV2,Nikon 5300,11/22/2018,Loricariidae,Oxyropsis,sp. 1,CV1-284,CV1-Mashumbara ,Mashumbara-P2,"Leo, Morgan, Antonio y Perciles ",Red de arrastre
DSC_0279-CHT6,Peces Morona Nov-2018/PECES CV1 Y CV2,Nikon 5300,11/19/2018,Hypopomidae,Brachyhypopomus,beebei,CV1-048,CV1-Mashumbara ,Chapintsa-T6,"Leo, Morgan, Antonio y Perciles ",Red de arrastre
DSC_0279-MAP1,Peces Morona Nov-2018/PECES CV1 Y CV2,Nikon 5300,11/21/2018,Heptapteridae,Imparfinis,cf. stictonotus,CV1-166,CV1-Mashumbara ,Mashumbara-P1,"Leo, Morgan, Antonio y Perciles ",Red de arrastre
DSC_0280-CHT6,Peces Morona Nov-2018/PECES CV1 Y CV2,Nikon 5300,11/19/2018,Cichlidae,Laetacara ,flavilabris,CV1-049,CV1-Mashumbara ,Chapintsa-T6,"Leo, Morgan, Antonio y Perciles ",Red de arrastre
DSC_0280-MAP1-DSC_0281-MAP1,Peces Morona Nov-2018/PECES CV1 Y CV2,Nikon 5300,11/21/2018,Loricariidae,Otocinclus,vittatus,CV1-167,CV1-Mashumbara ,Mashumbara-P1,"Leo, Morgan, Antonio y Perciles ",Red de arrastre
DSC_0280-MAP2-DSC_0281-MAP2,Peces Morona Nov-2018/PECES CV1 Y CV2,Nikon 5300,11/22/2018,Loricariidae,Hypoptopoma,sp. 1,CV1-285,CV1-Mashumbara ,Mashumbara-P2,"Leo, Morgan, Antonio y Perciles ",Red de arrastre
DSC_0282-MAP1,Peces Morona Nov-2018/PECES CV1 Y CV2,Nikon 5300,11/21/2018,Callichthyidae,Corydoras,pastazensis,CV1-168,CV1-Mashumbara ,Mashumbara-P1,"Leo, Morgan, Antonio y Perciles ",Red de arrastre
DSC_0283-MAP1,Peces Morona Nov-2018/PECES CV1 Y CV2,Nikon 5300,11/21/2018,Heptapteridae,Imparfinis,cf. stictonotus,CV1-169,CV1-Mashumbara ,Mashumbara-P1,"Leo, Morgan, Antonio y Perciles ",Red de arrastre
DSC_0284-MAP1-DSC_0285-MAP1,Peces Morona Nov-2018/PECES CV1 Y CV2,Nikon 5300,11/21/2018,Loricariidae,Otocinclus,vittatus,CV1-170,CV1-Mashumbara ,Mashumbara-P1,"Leo, Morgan, Antonio y Perciles ",Red de arrastre
DSC_0285-CV1-TRAMPA,Peces Morona Nov-2018/PECES CV1 Y CV2,Nikon 5300,11/20/2018,Ctenoluciidae,Boulengerella ,cuvieri,CV1-292,CV1-Mashumbara ,Mashumbara,"Leo, Morgan, Antonio y Perciles ",Red de espera
DSC_0286-MAP1-DSC_0287-MAP1,Peces Morona Nov-2018/PECES CV1 Y CV2,Nikon 5300,11/21/2018,Loricariidae,Otocinclus,vittatus,CV1-171,CV1-Mashumbara ,Mashumbara-P1,"Leo, Morgan, Antonio y Perciles ",Red de arrastre
DSC_0287-CV1-TRAMPA DSC_0288-CV1-TRAMPA,Peces Morona Nov-2018/PECES CV1 Y CV2,Nikon 5300,11/20/2018,Loricariidae,Lasiancistrus,schomburgkii,CV1-293,CV1-Mashumbara ,Mashumbara,"Leo, Morgan, Antonio y Perciles ",Red de espera
DSC_0288-MAP1-DSC_0289-MAP1,Peces Morona Nov-2018/PECES CV1 Y CV2,Nikon 5300,11/21/2018,Loricariidae,Otocinclus,vittatus,CV1-172,CV1-Mashumbara ,Mashumbara-P1,"Leo, Morgan, Antonio y Perciles ",Red de arrastre
DSC_0289-CV1-TRAMPA DSC_0290-CV1-TRAMPA,Peces Morona Nov-2018/PECES CV1 Y CV2,Nikon 5300,11/20/2018,Loricariidae,Lasiancistrus,schomburgkii,CV1-294,CV1-Mashumbara ,Mashumbara,"Leo, Morgan, Antonio y Perciles ",Red de espera
DSC_0290-KATP3,Peces Morona Nov-2018/PECES CV1 Y CV2,Nikon 5300,11/28/2018,Curimatidae,Steindachnerina,sp. 1,CV2-460,CV2-Katirnaentsa,Katirnaentsa-P3,"Leo, Morgan, Antonio y Perciles ",Red de arrastre
DSC_0290-MAP1,Peces Morona Nov-2018/PECES CV1 Y CV2,Nikon 5300,11/21/2018,Callichthyidae,Corydoras,atropersonatus,CV1-173,CV1-Mashumbara ,Mashumbara-P1,"Leo, Morgan, Antonio y Perciles ",Red de arrastre
DSC_0291-CV1-TRAMPA DSC_0292-CV1-TRAMPA,Peces Morona Nov-2018/PECES CV1 Y CV2,Nikon 5300,11/20/2018,Loricariidae,Hypostomus,sp. 2,CV1-297,CV1-Mashumbara ,Mashumbara,"Leo, Morgan, Antonio y Perciles ",Red de espera
DSC_0291-KATP3,Peces Morona Nov-2018/PECES CV1 Y CV2,Nikon 5300,11/28/2018,Curimatidae,Steindachnerina,sp. 1,CV2-461,CV2-Katirnaentsa,Katirnaentsa-P3,"Leo, Morgan, Antonio y Perciles ",Red de arrastre
DSC_0291-MAP1,Peces Morona Nov-2018/PECES CV1 Y CV2,Nikon 5300,11/21/2018,Loricariidae,Limatulichthys,griseus,CV1-174,CV1-Mashumbara ,Mashumbara-P1,"Leo, Morgan, Antonio y Perciles ",Red de arrastre
DSC_0292-KATP3,Peces Morona Nov-2018/PECES CV1 Y CV2,Nikon 5300,11/28/2018,Curimatidae,Steindachnerina,sp. 1,CV2-462,CV2-Katirnaentsa,Katirnaentsa-P3,"Leo, Morgan, Antonio y Perciles ",Red de arrastre
DSC_0292-MAP1,Peces Morona Nov-2018/PECES CV1 Y CV2,Nikon 5300,11/21/2018,Loricariidae,Loricariichthys,sp. 1,CV1-175,CV1-Mashumbara ,Mashumbara-P1,"Leo, Morgan, Antonio y Perciles ",Red de arrastre
DSC_0293-CV1-TRAMPA DSC_0294-CV1-TRAMPA,Peces Morona Nov-2018/PECES CV1 Y CV2,Nikon 5300,11/20/2018,Loricariidae,Aphanotorulus,cf. emarginatus,CV1-295,CV1-Mashumbara ,Mashumbara,"Leo, Morgan, Antonio y Perciles ",Red de espera
DSC_0293-KATP3,Peces Morona Nov-2018/PECES CV1 Y CV2,Nikon 5300,11/28/2018,Cichlidae,Bujurquina,huallagae,CV2-463,CV2-Katirnaentsa,Katirnaentsa-P3,"Leo, Morgan, Antonio y Perciles ",Red de arrastre
DSC_0293-MAP1,Peces Morona Nov-2018/PECES CV1 Y CV2,Nikon 5300,11/21/2018,Iguanodectidae,Bryconops,caudomaculatus,CV1-176,CV1-Mashumbara ,Mashumbara-P1,"Leo, Morgan, Antonio y Perciles ",Red de arrastre
DSC_0294-KATP3,Peces Morona Nov-2018/PECES CV1 Y CV2,Nikon 5300,11/28/2018,Characidae,Moenkhausia,oligolepis,CV2-464,CV2-Katirnaentsa,Katirnaentsa-P3,"Leo, Morgan, Antonio y Perciles ",Red de arrastre
DSC_0294-MAP1,Peces Morona Nov-2018/PECES CV1 Y CV2,Nikon 5300,11/21/2018,Characidae,Creagrutus,beni,CV1-177,CV1-Mashumbara ,Mashumbara-P1,"Leo, Morgan, Antonio y Perciles ",Red de arrastre
DSC_0295-CV1-TRAMPA DSC_0296-CV1-TRAMPA,Peces Morona Nov-2018/PECES CV1 Y CV2,Nikon 5300,11/20/2018,Loricariidae,Pterygoplichthys,sp. 1,CV1-296,CV1-Mashumbara ,Mashumbara,"Leo, Morgan, Antonio y Perciles ",Red de espera
DSC_0295-KATP3-DSC_0296-KATP3,Peces Morona Nov-2018/PECES CV1 Y CV2,Nikon 5300,11/28/2018,Loricariidae,Sturisoma,nigrirostrum,CV2-465,CV2-Katirnaentsa,Katirnaentsa-P3,"Leo, Morgan, Antonio y Perciles ",Red de arrastre
DSC_0295-MAP1,Peces Morona Nov-2018/PECES CV1 Y CV2,Nikon 5300,11/21/2018,Characidae,Phenacogaster,napoatilis,CV1-178,CV1-Mashumbara ,Mashumbara-P1,"Leo, Morgan, Antonio y Perciles ",Red de arrastre
DSC_0296-MAP1,Peces Morona Nov-2018/PECES CV1 Y CV2,Nikon 5300,11/21/2018,Characidae,Moenkhausia,collettii,CV1-179,CV1-Mashumbara ,Mashumbara-P1,"Leo, Morgan, Antonio y Perciles ",Red de arrastre
DSC_0297-KATP3-DSC_0298-KATP3,Peces Morona Nov-2018/PECES CV1 Y CV2,Nikon 5300,11/28/2018,Loricariidae,Sturisoma,nigrirostrum,CV2-466,CV2-Katirnaentsa,Katirnaentsa-P3,"Leo, Morgan, Antonio y Perciles ",Red de arrastre
DSC_0297-MAP1,Peces Morona Nov-2018/PECES CV1 Y CV2,Nikon 5300,11/21/2018,Characidae,Creagrutus,beni,CV1-180,CV1-Mashumbara ,Mashumbara-P1,"Leo, Morgan, Antonio y Perciles ",Red de arrastre
DSC_0298-MAP1,Peces Morona Nov-2018/PECES CV1 Y CV2,Nikon 5300,11/21/2018,Characidae,Creagrutus,beni,CV1-181,CV1-Mashumbara ,Mashumbara-P1,"Leo, Morgan, Antonio y Perciles ",Red de arrastre
DSC_0299-KATP3,Peces Morona Nov-2018/PECES CV1 Y CV2,Nikon 5300,11/28/2018,Cichlidae,Bujurquina,huallagae,CV2-467,CV2-Katirnaentsa,Katirnaentsa-P3,"Leo, Morgan, Antonio y Perciles ",Red de arrastre
DSC_0299-MAP1,Peces Morona Nov-2018/PECES CV1 Y CV2,Nikon 5300,11/21/2018,Characidae,Phenacogaster,napoatilis,CV1-182,CV1-Mashumbara ,Mashumbara-P1,"Leo, Morgan, Antonio y Perciles ",Red de arrastre
DSC_0300-KATP3,Peces Morona Nov-2018/PECES CV1 Y CV2,Nikon 5300,11/28/2018,Loricariidae,Limatulichthys,griseus,CV2-468,CV2-Katirnaentsa,Katirnaentsa-P3,"Leo, Morgan, Antonio y Perciles ",Red de arrastre
DSC_0300-MAP1,Peces Morona Nov-2018/PECES CV1 Y CV2,Nikon 5300,11/21/2018,Characidae,Phenacogaster,napoatilis,CV1-183,CV1-Mashumbara ,Mashumbara-P1,"Leo, Morgan, Antonio y Perciles ",Red de arrastre
DSC_0301-KATP3,Peces Morona Nov-2018/PECES CV1 Y CV2,Nikon 5300,11/28/2018,Loricariidae,Limatulichthys,griseus,CV2-469,CV2-Katirnaentsa,Katirnaentsa-P3,"Leo, Morgan, Antonio y Perciles ",Red de arrastre
DSC_0301-MAP1,Peces Morona Nov-2018/PECES CV1 Y CV2,Nikon 5300,11/21/2018,Characidae,Phenacogaster,napoatilis,CV1-184,CV1-Mashumbara ,Mashumbara-P1,"Leo, Morgan, Antonio y Perciles ",Red de arrastre
DSC_0302-KATP3,Peces Morona Nov-2018/PECES CV1 Y CV2,Nikon 5300,11/28/2018,Loricariidae,Limatulichthys,griseus,CV2-470,CV2-Katirnaentsa,Katirnaentsa-P3,"Leo, Morgan, Antonio y Perciles ",Red de arrastre
DSC_0302-MAP1,Peces Morona Nov-2018/PECES CV1 Y CV2,Nikon 5300,11/21/2018,Characidae,Phenacogaster,napoatilis,CV1-185,CV1-Mashumbara ,Mashumbara-P1,"Leo, Morgan, Antonio y Perciles ",Red de arrastre
DSC_0303-KATP3,Peces Morona Nov-2018/PECES CV1 Y CV2,Nikon 5300,11/28/2018,Loricariidae,Limatulichthys,griseus,CV2-471,CV2-Katirnaentsa,Katirnaentsa-P3,"Leo, Morgan, Antonio y Perciles ",Red de arrastre
DSC_0303-MAP1,Peces Morona Nov-2018/PECES CV1 Y CV2,Nikon 5300,11/21/2018,Characidae,Phenacogaster,napoatilis,CV1-186,CV1-Mashumbara ,Mashumbara-P1,"Leo, Morgan, Antonio y Perciles ",Red de arrastre
DSC_0304-KATP3,Peces Morona Nov-2018/PECES CV1 Y CV2,Nikon 5300,11/28/2018,Loricariidae,Limatulichthys,griseus,CV2-472,CV2-Katirnaentsa,Katirnaentsa-P3,"Leo, Morgan, Antonio y Perciles ",Red de arrastre
DSC_0304-MAP1,Peces Morona Nov-2018/PECES CV1 Y CV2,Nikon 5300,11/21/2018,Characidae,Moenkhausia,collettii,CV1-187,CV1-Mashumbara ,Mashumbara-P1,"Leo, Morgan, Antonio y Perciles ",Red de arrastre
DSC_0305-KATP3,Peces Morona Nov-2018/PECES CV1 Y CV2,Nikon 5300,11/28/2018,Loricariidae,Loricariichthys,sp. 1,CV2-473,CV2-Katirnaentsa,Katirnaentsa-P3,"Leo, Morgan, Antonio y Perciles ",Red de arrastre
DSC_0305-MAP1,Peces Morona Nov-2018/PECES CV1 Y CV2,Nikon 5300,11/21/2018,Characidae,Moenkhausia,collettii,CV1-188,CV1-Mashumbara ,Mashumbara-P1,"Leo, Morgan, Antonio y Perciles ",Red de arrastre
DSC_0306-KATP3-DSC_0307-KATP3,Peces Morona Nov-2018/PECES CV1 Y CV2,Nikon 5300,11/28/2018,Loricariidae,Sturisoma,nigrirostrum,CV2-474,CV2-Katirnaentsa,Katirnaentsa-P3,"Leo, Morgan, Antonio y Perciles ",Red de arrastre
DSC_0306-MAP1,Peces Morona Nov-2018/PECES CV1 Y CV2,Nikon 5300,11/21/2018,Characidae,Knodus,caquetae,CV1-189,CV1-Mashumbara ,Mashumbara-P1,"Leo, Morgan, Antonio y Perciles ",Red de arrastre
DSC_0307-MAP1,Peces Morona Nov-2018/PECES CV1 Y CV2,Nikon 5300,11/21/2018,Characidae,Phenacogaster,napoatilis,CV1-190,CV1-Mashumbara ,Mashumbara-P1,"Leo, Morgan, Antonio y Perciles ",Red de arrastre
DSC_0308-KATP3-DSC_0309-KATP3,Peces Morona Nov-2018/PECES CV1 Y CV2,Nikon 5300,11/28/2018,Loricariidae,Sturisoma,nigrirostrum,CV2-475,CV2-Katirnaentsa,Katirnaentsa-P3,"Leo, Morgan, Antonio y Perciles ",Red de arrastre
DSC_0308-MAP1,Peces Morona Nov-2018/PECES CV1 Y CV2,Nikon 5300,11/21/2018,Characidae,Knodus,caquetae,CV1-191,CV1-Mashumbara ,Mashumbara-P1,"Leo, Morgan, Antonio y Perciles ",Red de arrastre
DSC_0309-MAP1,Peces Morona Nov-2018/PECES CV1 Y CV2,Nikon 5300,11/21/2018,Characidae,Creagrutus,beni,CV1-192,CV1-Mashumbara ,Mashumbara-P1,"Leo, Morgan, Antonio y Perciles ",Red de arrastre
DSC_0310-KATP3,Peces Morona Nov-2018/PECES CV1 Y CV2,Nikon 5300,11/28/2018,Loricariidae,Limatulichthys,griseus,CV2-476,CV2-Katirnaentsa,Katirnaentsa-P3,"Leo, Morgan, Antonio y Perciles ",Red de arrastre
DSC_0311-KATP3,Peces Morona Nov-2018/PECES CV1 Y CV2,Nikon 5300,11/28/2018,Cichlidae,Bujurquina,huallagae,CV2-477,CV2-Katirnaentsa,Katirnaentsa-P3,"Leo, Morgan, Antonio y Perciles ",Red de arrastre
DSC_0312-KATP3,Peces Morona Nov-2018/PECES CV1 Y CV2,Nikon 5300,11/28/2018,Cichlidae,Crenicichla,reticulata,CV2-478,CV2-Katirnaentsa,Katirnaentsa-P3,"Leo, Morgan, Antonio y Perciles ",Red de arrastre
DSC_0312-MAP1,Peces Morona Nov-2018/PECES CV1 Y CV2,Nikon 5300,11/21/2018,Characidae,Apionichthys,sp. 1,CV1-193,CV1-Mashumbara ,Mashumbara-P1,"Leo, Morgan, Antonio y Perciles ",Red de arrastre
DSC_0313-KATP3,Peces Morona Nov-2018/PECES CV1 Y CV2,Nikon 5300,11/28/2018,Callichthyidae,Corydoras,pastazensis,CV2-479,CV2-Katirnaentsa,Katirnaentsa-P3,"Leo, Morgan, Antonio y Perciles ",Red de arrastre
DSC_0313-MAP1,Peces Morona Nov-2018/PECES CV1 Y CV2,Nikon 5300,11/21/2018,Characidae,Creagrutus,beni,CV1-194,CV1-Mashumbara ,Mashumbara-P1,"Leo, Morgan, Antonio y Perciles ",Red de arrastre
DSC_0314-KATP3,Peces Morona Nov-2018/PECES CV1 Y CV2,Nikon 5300,11/28/2018,Trichomycteridae,Ochmacanthus ,reinhardtii ,CV2-480,CV2-Katirnaentsa,Katirnaentsa-P3,"Leo, Morgan, Antonio y Perciles ",Red de arrastre
DSC_0314-MAP1,Peces Morona Nov-2018/PECES CV1 Y CV2,Nikon 5300,11/21/2018,Characidae,Knodus,caquetae,CV1-195,CV1-Mashumbara ,Mashumbara-P1,"Leo, Morgan, Antonio y Perciles ",Red de arrastre
DSC_0315-KATP3,Peces Morona Nov-2018/PECES CV1 Y CV2,Nikon 5300,11/28/2018,Trichomycteridae,Ochmacanthus ,reinhardtii ,CV2-481,CV2-Katirnaentsa,Katirnaentsa-P3,"Leo, Morgan, Antonio y Perciles ",Red de arrastre
DSC_0315-MAP1,Peces Morona Nov-2018/PECES CV1 Y CV2,Nikon 5300,11/21/2018,Crenuchidae,Characidium,sp. 1,CV1-196,CV1-Mashumbara ,Mashumbara-P1,"Leo, Morgan, Antonio y Perciles ",Red de arrastre
DSC_0316-HET2 DSC_0313-HET2,Peces Morona Nov-2018/PECES CV1 Y CV2,Nikon 5300,11/20/2018,Gymnotidae,Electrophorus,electricus,CV1-059,CV1-Mashumbara ,Hermogeno-T2,"Leo, Morgan, Antonio y Perciles ",Red de arrastre
DSC_0316-KATP3,Peces Morona Nov-2018/PECES CV1 Y CV2,Nikon 5300,11/28/2018,Trichomycteridae,Ochmacanthus ,reinhardtii ,CV2-482,CV2-Katirnaentsa,Katirnaentsa-P3,"Leo, Morgan, Antonio y Perciles ",Red de arrastre
DSC_0317-KATP3,Peces Morona Nov-2018/PECES CV1 Y CV2,Nikon 5300,11/28/2018,Cichlidae,Bujurquina,huallagae,CV2-483,CV2-Katirnaentsa,Katirnaentsa-P3,"Leo, Morgan, Antonio y Perciles ",Red de arrastre
DSC_0318-KATP3,Peces Morona Nov-2018/PECES CV1 Y CV2,Nikon 5300,11/28/2018,Loricariidae,Loricariichthys,sp. 1,CV2-484,CV2-Katirnaentsa,Katirnaentsa-P3,"Leo, Morgan, Antonio y Perciles ",Red de arrastre
DSC_0318-MAP1,Peces Morona Nov-2018/PECES CV1 Y CV2,Nikon 5300,11/21/2018,Heptapteridae,Pimelodella,cf. hasemani,CV1-197,CV1-Mashumbara ,Mashumbara-P1,"Leo, Morgan, Antonio y Perciles ",Red de arrastre
DSC_0319-KATP3,Peces Morona Nov-2018/PECES CV1 Y CV2,Nikon 5300,11/28/2018,Loricariidae,Loricariichthys,sp. 1,CV2-485,CV2-Katirnaentsa,Katirnaentsa-P3,"Leo, Morgan, Antonio y Perciles ",Red de arrastre
DSC_0319-MAP1,Peces Morona Nov-2018/PECES CV1 Y CV2,Nikon 5300,11/21/2018,Heptapteridae,Imparfinis,cf. stictonotus,CV1-198,CV1-Mashumbara ,Mashumbara-P1,"Leo, Morgan, Antonio y Perciles ",Red de arrastre
DSC_0320-KATP3,Peces Morona Nov-2018/PECES CV1 Y CV2,Nikon 5300,11/28/2018,Loricariidae,Loricariichthys,sp. 1,CV2-486,CV2-Katirnaentsa,Katirnaentsa-P3,"Leo, Morgan, Antonio y Perciles ",Red de arrastre
DSC_0320-MAP1,Peces Morona Nov-2018/PECES CV1 Y CV2,Nikon 5300,11/21/2018,Crenuchidae,Characidium,sp. 1,CV1-199,CV1-Mashumbara ,Mashumbara-P1,"Leo, Morgan, Antonio y Perciles ",Red de arrastre
DSC_0321-KATP3,Peces Morona Nov-2018/PECES CV1 Y CV2,Nikon 5300,11/28/2018,Cichlidae,Crenicichla,lucius,CV2-487,CV2-Katirnaentsa,Katirnaentsa-P3,"Leo, Morgan, Antonio y Perciles ",Red de arrastre
DSC_0321-MAP1,Peces Morona Nov-2018/PECES CV1 Y CV2,Nikon 5300,11/21/2018,Loricariidae,Limatulichthys,griseus,CV1-200,CV1-Mashumbara ,Mashumbara-P1,"Leo, Morgan, Antonio y Perciles ",Red de arrastre
DSC_0322-CV2-TRAMPA,Peces Morona Nov-2018/PECES CV1 Y CV2,Nikon 5300,11/29/2018,Cichlidae,Aequidens,tetramerus,CV2-498,CV2-Katirnaentsa,Katirnaentsa,"Leo, Morgan, Antonio y Perciles ",Red de espera
DSC_0322-KATP3,Peces Morona Nov-2018/PECES CV1 Y CV2,Nikon 5300,11/28/2018,Callichthyidae,Corydoras,atropersonatus,CV2-488,CV2-Katirnaentsa,Katirnaentsa-P3,"Leo, Morgan, Antonio y Perciles ",Red de arrastre
DSC_0322-MAP1,Peces Morona Nov-2018/PECES CV1 Y CV2,Nikon 5300,11/21/2018,Loricariidae,Limatulichthys,griseus,CV1-201,CV1-Mashumbara ,Mashumbara-P1,"Leo, Morgan, Antonio y Perciles ",Red de arrastre
DSC_0323-KATP3,Peces Morona Nov-2018/PECES CV1 Y CV2,Nikon 5300,11/28/2018,Callichthyidae,Corydoras,atropersonatus,CV2-490,CV2-Katirnaentsa,Katirnaentsa-P3,"Leo, Morgan, Antonio y Perciles ",Red de arrastre
DSC_0323-MAP1,Peces Morona Nov-2018/PECES CV1 Y CV2,Nikon 5300,11/21/2018,Characidae,Moenkhausia,oligolepis,CV1-202,CV1-Mashumbara ,Mashumbara-P1,"Leo, Morgan, Antonio y Perciles ",Red de arrastre
DSC_0324-MAP1,Peces Morona Nov-2018/PECES CV1 Y CV2,Nikon 5300,11/21/2018,Characidae,Creagrutus,beni,CV1-203,CV1-Mashumbara ,Mashumbara-P1,"Leo, Morgan, Antonio y Perciles ",Red de arrastre
DSC_0325-MAP1,Peces Morona Nov-2018/PECES CV1 Y CV2,Nikon 5300,11/21/2018,Callichthyidae,Corydoras,pastazensis,CV1-204,CV1-Mashumbara ,Mashumbara-P1,"Leo, Morgan, Antonio y Perciles ",Red de arrastre
DSC_0326-MAP1,Peces Morona Nov-2018/PECES CV1 Y CV2,Nikon 5300,11/21/2018,Callichthyidae,Corydoras,pastazensis,CV1-205,CV1-Mashumbara ,Mashumbara-P1,"Leo, Morgan, Antonio y Perciles ",Red de arrastre
DSC_0327-MAP1,Peces Morona Nov-2018/PECES CV1 Y CV2,Nikon 5300,11/21/2018,Callichthyidae,Corydoras,atropersonatus,CV1-206,CV1-Mashumbara ,Mashumbara-P1,"Leo, Morgan, Antonio y Perciles ",Red de arrastre
DSC_0328-MAP1,Peces Morona Nov-2018/PECES CV1 Y CV2,Nikon 5300,11/21/2018,Callichthyidae,Corydoras,atropersonatus,CV1-207,CV1-Mashumbara ,Mashumbara-P1,"Leo, Morgan, Antonio y Perciles ",Red de arrastre
DSC_0329-MAP1,Peces Morona Nov-2018/PECES CV1 Y CV2,Nikon 5300,11/21/2018,Callichthyidae,Corydoras,atropersonatus,CV1-208,CV1-Mashumbara ,Mashumbara-P1,"Leo, Morgan, Antonio y Perciles ",Red de arrastre
DSC_0330-MAP1,Peces Morona Nov-2018/PECES CV1 Y CV2,Nikon 5300,11/21/2018,Characidae,Moenkhausia,intermedia,CV1-209,CV1-Mashumbara ,Mashumbara-P1,"Leo, Morgan, Antonio y Perciles ",Red de arrastre
DSC_0331-MAP1,Peces Morona Nov-2018/PECES CV1 Y CV2,Nikon 5300,11/21/2018,Heptapteridae,Pimelodella,cf. hasemani,CV1-210,CV1-Mashumbara ,Mashumbara-P1,"Leo, Morgan, Antonio y Perciles ",Red de arrastre
DSC_0332-MAP1,Peces Morona Nov-2018/PECES CV1 Y CV2,Nikon 5300,11/21/2018,Heptapteridae,Pimelodella,cf. hasemani,CV1-211,CV1-Mashumbara ,Mashumbara-P1,"Leo, Morgan, Antonio y Perciles ",Red de arrastre
DSC_0333-MAP1,Peces Morona Nov-2018/PECES CV1 Y CV2,Nikon 5300,11/21/2018,Characidae,Knodus,caquetae,CV1-212,CV1-Mashumbara ,Mashumbara-P1,"Leo, Morgan, Antonio y Perciles ",Red de arrastre
DSC_0334-MAP1,Peces Morona Nov-2018/PECES CV1 Y CV2,Nikon 5300,11/21/2018,Characidae,Moenkhausia,collettii,CV1-213,CV1-Mashumbara ,Mashumbara-P1,"Leo, Morgan, Antonio y Perciles ",Red de arrastre
DSC_0335-MAP1,Peces Morona Nov-2018/PECES CV1 Y CV2,Nikon 5300,11/21/2018,Crenuchidae,Characidium,sp. 1,CV1-214,CV1-Mashumbara ,Mashumbara-P1,"Leo, Morgan, Antonio y Perciles ",Red de arrastre
DSC_0336-MAP1,Peces Morona Nov-2018/PECES CV1 Y CV2,Nikon 5300,11/21/2018,Crenuchidae,Characidium,sp. 1,CV1-215,CV1-Mashumbara ,Mashumbara-P1,"Leo, Morgan, Antonio y Perciles ",Red de arrastre
DSC_0337-MAP1,Peces Morona Nov-2018/PECES CV1 Y CV2,Nikon 5300,11/21/2018,Heptapteridae,Imparfinis,cf. stictonotus,CV1-216,CV1-Mashumbara ,Mashumbara-P1,"Leo, Morgan, Antonio y Perciles ",Red de arrastre
DSC_0338-MAP1,Peces Morona Nov-2018/PECES CV1 Y CV2,Nikon 5300,11/21/2018,Heptapteridae,Imparfinis,cf. stictonotus,CV1-217,CV1-Mashumbara ,Mashumbara-P1,"Leo, Morgan, Antonio y Perciles ",Red de arrastre
DSC_0339-MAP1,Peces Morona Nov-2018/PECES CV1 Y CV2,Nikon 5300,11/21/2018,Heptapteridae,Imparfinis,cf. stictonotus,CV1-218,CV1-Mashumbara ,Mashumbara-P1,"Leo, Morgan, Antonio y Perciles ",Red de arrastre
DSC_0340-MAP1,Peces Morona Nov-2018/PECES CV1 Y CV2,Nikon 5300,11/21/2018,Heptapteridae,Imparfinis,cf. stictonotus,CV1-219,CV1-Mashumbara ,Mashumbara-P1,"Leo, Morgan, Antonio y Perciles ",Red de arrastre
DSC_0341-MAP1,Peces Morona Nov-2018/PECES CV1 Y CV2,Nikon 5300,11/21/2018,Heptapteridae,Imparfinis,cf. stictonotus,CV1-220,CV1-Mashumbara ,Mashumbara-P1,"Leo, Morgan, Antonio y Perciles ",Red de arrastre
DSC_0342-MAP1,Peces Morona Nov-2018/PECES CV1 Y CV2,Nikon 5300,11/21/2018,Heptapteridae,Pimelodella,sp. 1,CV1-221,CV1-Mashumbara ,Mashumbara-P1,"Leo, Morgan, Antonio y Perciles ",Red de arrastre
DSC_0343-MAP1,Peces Morona Nov-2018/PECES CV1 Y CV2,Nikon 5300,11/21/2018,Callichthyidae,Corydoras,atropersonatus,CV1-222,CV1-Mashumbara ,Mashumbara-P1,"Leo, Morgan, Antonio y Perciles ",Red de arrastre
DSC_0344-MAP1,Peces Morona Nov-2018/PECES CV1 Y CV2,Nikon 5300,11/21/2018,Characidae,Hyphessobrycon,rosaceus,CV1-223,CV1-Mashumbara ,Mashumbara-P1,"Leo, Morgan, Antonio y Perciles ",Red de arrastre
DSC_0345-MAP1,Peces Morona Nov-2018/PECES CV1 Y CV2,Nikon 5300,11/21/2018,Characidae,Creagrutus,beni,CV1-224,CV1-Mashumbara ,Mashumbara-P1,"Leo, Morgan, Antonio y Perciles ",Red de arrastre
DSC_0346-MAP1,Peces Morona Nov-2018/PECES CV1 Y CV2,Nikon 5300,11/21/2018,Characidae,Knodus,caquetae,CV1-225,CV1-Mashumbara ,Mashumbara-P1,"Leo, Morgan, Antonio y Perciles ",Red de arrastre
DSC_0347-MAP1,Peces Morona Nov-2018/PECES CV1 Y CV2,Nikon 5300,11/21/2018,Characidae,Creagrutus,beni,CV1-226,CV1-Mashumbara ,Mashumbara-P1,"Leo, Morgan, Antonio y Perciles ",Red de arrastre
DSC_0348-MAP1,Peces Morona Nov-2018/PECES CV1 Y CV2,Nikon 5300,11/21/2018,Characidae,Creagrutus,beni,CV1-227,CV1-Mashumbara ,Mashumbara-P1,"Leo, Morgan, Antonio y Perciles ",Red de arrastre
DSC_0349-MAP1,Peces Morona Nov-2018/PECES CV1 Y CV2,Nikon 5300,11/21/2018,Characidae,Creagrutus,beni,CV1-228,CV1-Mashumbara ,Mashumbara-P1,"Leo, Morgan, Antonio y Perciles ",Red de arrastre
DSC_0350-MAP1,Peces Morona Nov-2018/PECES CV1 Y CV2,Nikon 5300,11/21/2018,Characidae,Creagrutus,beni,CV1-229,CV1-Mashumbara ,Mashumbara-P1,"Leo, Morgan, Antonio y Perciles ",Red de arrastre
DSC_0351-MAP1,Peces Morona Nov-2018/PECES CV1 Y CV2,Nikon 5300,11/21/2018,Characidae,Creagrutus,beni,CV1-230,CV1-Mashumbara ,Mashumbara-P1,"Leo, Morgan, Antonio y Perciles ",Red de arrastre
DSC_0352-MAP1,Peces Morona Nov-2018/PECES CV1 Y CV2,Nikon 5300,11/21/2018,Characidae,Creagrutus,beni,CV1-231,CV1-Mashumbara ,Mashumbara-P1,"Leo, Morgan, Antonio y Perciles ",Red de arrastre
DSC_0353-MAP1,Peces Morona Nov-2018/PECES CV1 Y CV2,Nikon 5300,11/21/2018,Characidae,Creagrutus,beni,CV1-232,CV1-Mashumbara ,Mashumbara-P1,"Leo, Morgan, Antonio y Perciles ",Red de arrastre
DSC_0354-MAP1,Peces Morona Nov-2018/PECES CV1 Y CV2,Nikon 5300,11/21/2018,Characidae,Creagrutus,beni,CV1-233,CV1-Mashumbara ,Mashumbara-P1,"Leo, Morgan, Antonio y Perciles ",Red de arrastre
DSC_0355-MAP1,Peces Morona Nov-2018/PECES CV1 Y CV2,Nikon 5300,11/21/2018,Characidae,Creagrutus,beni,CV1-234,CV1-Mashumbara ,Mashumbara-P1,"Leo, Morgan, Antonio y Perciles ",Red de arrastre
DSC_0356-MAP1,Peces Morona Nov-2018/PECES CV1 Y CV2,Nikon 5300,11/21/2018,Characidae,Creagrutus,beni,CV1-235,CV1-Mashumbara ,Mashumbara-P1,"Leo, Morgan, Antonio y Perciles ",Red de arrastre
DSC_0357-MAP1,Peces Morona Nov-2018/PECES CV1 Y CV2,Nikon 5300,11/21/2018,Characidae,Creagrutus,beni,CV1-236,CV1-Mashumbara ,Mashumbara-P1,"Leo, Morgan, Antonio y Perciles ",Red de arrastre
DSC_0358-MAP1,Peces Morona Nov-2018/PECES CV1 Y CV2,Nikon 5300,11/21/2018,Characidae,Creagrutus,beni,CV1-237,CV1-Mashumbara ,Mashumbara-P1,"Leo, Morgan, Antonio y Perciles ",Red de arrastre
DSC_0359-MAP1,Peces Morona Nov-2018/PECES CV1 Y CV2,Nikon 5300,11/21/2018,Characidae,Creagrutus,beni,CV1-238,CV1-Mashumbara ,Mashumbara-P1,"Leo, Morgan, Antonio y Perciles ",Red de arrastre
DSC_0360-MAP1,Peces Morona Nov-2018/PECES CV1 Y CV2,Nikon 5300,11/21/2018,Characidae,Creagrutus,beni,CV1-239,CV1-Mashumbara ,Mashumbara-P1,"Leo, Morgan, Antonio y Perciles ",Red de arrastre
DSC_0361-MAP1,Peces Morona Nov-2018/PECES CV1 Y CV2,Nikon 5300,11/21/2018,Heptapteridae,Pimelodella,sp. 1,CV1-240,CV1-Mashumbara ,Mashumbara-P1,"Leo, Morgan, Antonio y Perciles ",Red de arrastre
DSC_0362-MAP1,Peces Morona Nov-2018/PECES CV1 Y CV2,Nikon 5300,11/21/2018,Heptapteridae,Pimelodella,cf. cristata,CV1-241,CV1-Mashumbara ,Mashumbara-P1,"Leo, Morgan, Antonio y Perciles ",Red de arrastre
DSC_0363-MAP1,Peces Morona Nov-2018/PECES CV1 Y CV2,Nikon 5300,11/21/2018,Heptapteridae,Pimelodella,sp. 1,CV1-242,CV1-Mashumbara ,Mashumbara-P1,"Leo, Morgan, Antonio y Perciles ",Red de arrastre
DSC_0364-MAP1,Peces Morona Nov-2018/PECES CV1 Y CV2,Nikon 5300,11/21/2018,Characidae,Knodus,caquetae,CV1-243,CV1-Mashumbara ,Mashumbara-P1,"Leo, Morgan, Antonio y Perciles ",Red de arrastre
DSC_0365-MAP1,Peces Morona Nov-2018/PECES CV1 Y CV2,Nikon 5300,11/21/2018,Cichlidae,Apistogramma,aff. cruzi,CV1-244,CV1-Mashumbara ,Mashumbara-P1,"Leo, Morgan, Antonio y Perciles ",Red de arrastre
DSC_0366-MAP1,Peces Morona Nov-2018/PECES CV1 Y CV2,Nikon 5300,11/21/2018,Loricariidae,Limatulichthys,griseus,CV1-245,CV1-Mashumbara ,Mashumbara-P1,"Leo, Morgan, Antonio y Perciles ",Red de arrastre
DSC_0367-MAP1,Peces Morona Nov-2018/PECES CV1 Y CV2,Nikon 5300,11/21/2018,Loricariidae,Limatulichthys,griseus,CV1-246,CV1-Mashumbara ,Mashumbara-P1,"Leo, Morgan, Antonio y Perciles ",Red de arrastre
DSC_0368-MAP1,Peces Morona Nov-2018/PECES CV1 Y CV2,Nikon 5300,11/21/2018,Loricariidae,Sturisoma,nigrirostrum,CV1-247,CV1-Mashumbara ,Mashumbara-P1,"Leo, Morgan, Antonio y Perciles ",Red de arrastre
DSC_0369-MAP1-DSC_0370-MAP1,Peces Morona Nov-2018/PECES CV1 Y CV2,Nikon 5300,11/21/2018,Loricariidae,Pekoltia,sp. 1,CV1-248,CV1-Mashumbara ,Mashumbara-P1,"Leo, Morgan, Antonio y Perciles ",Red de arrastre
DSC_0371-CHT1,Peces Morona Nov-2018/PECES CV1 Y CV2,Nikon 5300,11/17/2018,Cichlidae,Apistogramma,aff. cruzi,CV1-014,CV1-Mashumbara ,Chapintsa-T1,"Leo, Morgan, Antonio y Perciles ",Red de arrastre
DSC_0372-MAP1,Peces Morona Nov-2018/PECES CV1 Y CV2,Nikon 5300,11/21/2018,Heptapteridae,Pimelodella,sp. 1,CV1-249,CV1-Mashumbara ,Mashumbara-P1,"Leo, Morgan, Antonio y Perciles ",Red de arrastre
DSC_0373-CHT4 DSC_0374-CHT4,Peces Morona Nov-2018/PECES CV1 Y CV2,Nikon 5300,11/18/2018,Loricariidae,Ancistrus,sp. 1,CV1-032,CV1-Mashumbara ,Chapintsa-T4,"Leo, Morgan, Antonio y Perciles ",Red de arrastre
DSC_0441-HET1,Peces Morona Nov-2018/PECES CV1 Y CV2,Nikon 5300,11/20/2018,Cichlidae,Bujurquina,moriorum,CV1-050,CV1-Mashumbara ,Hermogeno-T1,"Leo, Morgan, Antonio y Perciles ",Red de arrastre
DSC_0442-HET1,Peces Morona Nov-2018/PECES CV1 Y CV2,Nikon 5300,11/20/2018,Callichthyidae,Corydoras,aeneus,CV1-051,CV1-Mashumbara ,Hermogeno-T1,"Leo, Morgan, Antonio y Perciles ",Red de arrastre
DSC_0443-HET1,Peces Morona Nov-2018/PECES CV1 Y CV2,Nikon 5300,11/20/2018,Cichlidae,Crenicichla,anthurus,CV1-052,CV1-Mashumbara ,Hermogeno-T1,"Leo, Morgan, Antonio y Perciles ",Red de arrastre
DSC_0444-HET1,Peces Morona Nov-2018/PECES CV1 Y CV2,Nikon 5300,11/20/2018,Characidae,Moenkhausia,comma,CV1-053,CV1-Mashumbara ,Hermogeno-T1,"Leo, Morgan, Antonio y Perciles ",Red de arrastre
DSC_0445-HET1 DSC_0446-HET1,Peces Morona Nov-2018/PECES CV1 Y CV2,Nikon 5300,11/20/2018,Auchenipteridae,Tatia,dunni,CV1-054,CV1-Mashumbara ,Hermogeno-T1,"Leo, Morgan, Antonio y Perciles ",Red de arrastre
DSC_0447-HET1,Peces Morona Nov-2018/PECES CV1 Y CV2,Nikon 5300,11/20/2018,Characidae,Charax,tectifer,CV1-055,CV1-Mashumbara ,Hermogeno-T1,"Leo, Morgan, Antonio y Perciles ",Red de arrastre
DSC_0448-HET2,Peces Morona Nov-2018/PECES CV1 Y CV2,Nikon 5300,11/20/2018,Cichlidae,Bujurquina,moriorum,CV1-056,CV1-Mashumbara ,Hermogeno-T2,"Leo, Morgan, Antonio y Perciles ",Red de arrastre
DSC_0449-HET2,Peces Morona Nov-2018/PECES CV1 Y CV2,Nikon 5300,11/20/2018,Characidae,Astyanax,cf. lacustris,CV1-057,CV1-Mashumbara ,Hermogeno-T2,"Leo, Morgan, Antonio y Perciles ",Red de arrastre
DSC_0450-HET2,Peces Morona Nov-2018/PECES CV1 Y CV2,Nikon 5300,11/20/2018,Cichlidae,Apistogramma,aff. cruzi,CV1-058,CV1-Mashumbara ,Hermogeno-T2,"Leo, Morgan, Antonio y Perciles ",Red de arrastre
DSC_0451-HET2,Peces Morona Nov-2018/PECES CV1 Y CV2,Nikon 5300,11/20/2018,Cichlidae,Bujurquina,moriorum,CV1-060,CV1-Mashumbara ,Hermogeno-T2,"Leo, Morgan, Antonio y Perciles ",Red de arrastre
DSC_0452-HET2,Peces Morona Nov-2018/PECES CV1 Y CV2,Nikon 5300,11/20/2018,Erythrinidae,Hoplias,malabaricus,CV1-061,CV1-Mashumbara ,Hermogeno-T2,"Leo, Morgan, Antonio y Perciles ",Red de arrastre
DSC_0453-HET2,Peces Morona Nov-2018/PECES CV1 Y CV2,Nikon 5300,11/20/2018,Aspredinidae,Bunocephalus,coracoideus,CV1-062,CV1-Mashumbara ,Hermogeno-T2,"Leo, Morgan, Antonio y Perciles ",Red de arrastre
DSC_0454-HET2,Peces Morona Nov-2018/PECES CV1 Y CV2,Nikon 5300,11/20/2018,Aspredinidae,Bunocephalus,coracoideus,CV1-063,CV1-Mashumbara ,Hermogeno-T2,"Leo, Morgan, Antonio y Perciles ",Red de arrastre
DSC_0455-HET2,Peces Morona Nov-2018/PECES CV1 Y CV2,Nikon 5300,11/20/2018,Characidae,Knodus,caquetae,CV1-064,CV1-Mashumbara ,Hermogeno-T2,"Leo, Morgan, Antonio y Perciles ",Red de arrastre
DSC_0468-HET3,Peces Morona Nov-2018/PECES CV1 Y CV2,Nikon 5300,11/20/2018,Gasteropelecidae,Gasteropelecus,sternicla,CV1-066,CV1-Mashumbara ,Hermogeno-T3,"Leo, Morgan, Antonio y Perciles ",Red de arrastre
DSC_0469-HET3,Peces Morona Nov-2018/PECES CV1 Y CV2,Nikon 5300,11/20/2018,Cichlidae,Apistogramma,aff. cruzi,CV1-067,CV1-Mashumbara ,Hermogeno-T3,"Leo, Morgan, Antonio y Perciles ",Red de arrastre
DSC_0470-HET3,Peces Morona Nov-2018/PECES CV1 Y CV2,Nikon 5300,11/20/2018,Gasteropelecidae,Carnegiella,strigata,CV1-068,CV1-Mashumbara ,Hermogeno-T3,"Leo, Morgan, Antonio y Perciles ",Red de arrastre
DSC_0471-HET3,Peces Morona Nov-2018/PECES CV1 Y CV2,Nikon 5300,11/20/2018,Gasteropelecidae,Gasteropelecus,sternicla,CV1-069,CV1-Mashumbara ,Hermogeno-T3,"Leo, Morgan, Antonio y Perciles ",Red de arrastre
DSC_0472-HET3,Peces Morona Nov-2018/PECES CV1 Y CV2,Nikon 5300,11/20/2018,Gasteropelecidae,Gasteropelecus,sternicla,CV1-070,CV1-Mashumbara ,Hermogeno-T3,"Leo, Morgan, Antonio y Perciles ",Red de arrastre
DSC_0473-HET3,Peces Morona Nov-2018/PECES CV1 Y CV2,Nikon 5300,11/20/2018,Characidae,Hyphessobrycon,loretoensis,CV1-071,CV1-Mashumbara ,Hermogeno-T3,"Leo, Morgan, Antonio y Perciles ",Red de arrastre
DSC_0474-HET3,Peces Morona Nov-2018/PECES CV1 Y CV2,Nikon 5300,11/20/2018,Characidae,Hyphessobrycon,loretoensis,CV1-072,CV1-Mashumbara ,Hermogeno-T3,"Leo, Morgan, Antonio y Perciles ",Red de arrastre
DSC_0475-HET3,Peces Morona Nov-2018/PECES CV1 Y CV2,Nikon 5300,11/20/2018,Characidae,Charax,tectifer,CV1-073,CV1-Mashumbara ,Hermogeno-T3,"Leo, Morgan, Antonio y Perciles ",Red de arrastre
DSC_0476-HET3,Peces Morona Nov-2018/PECES CV1 Y CV2,Nikon 5300,11/20/2018,Characidae,Charax,tectifer,CV1-074,CV1-Mashumbara ,Hermogeno-T3,"Leo, Morgan, Antonio y Perciles ",Red de arrastre
DSC_0477-HET3,Peces Morona Nov-2018/PECES CV1 Y CV2,Nikon 5300,11/20/2018,Characidae,Charax,tectifer,CV1-075,CV1-Mashumbara ,Hermogeno-T3,"Leo, Morgan, Antonio y Perciles ",Red de arrastre
DSC_0478-HET3,Peces Morona Nov-2018/PECES CV1 Y CV2,Nikon 5300,11/20/2018,Aspredinidae,Bunocephalus,coracoideus,CV1-076,CV1-Mashumbara ,Hermogeno-T3,"Leo, Morgan, Antonio y Perciles ",Red de arrastre
DSC_0479-HET3,Peces Morona Nov-2018/PECES CV1 Y CV2,Nikon 5300,11/20/2018,Characidae,Knodus,caquetae,CV1-077,CV1-Mashumbara ,Hermogeno-T3,"Leo, Morgan, Antonio y Perciles ",Red de arrastre
DSC_0480-HET3,Peces Morona Nov-2018/PECES CV1 Y CV2,Nikon 5300,11/20/2018,Gasteropelecidae,Carnegiella,strigata,CV1-078,CV1-Mashumbara ,Hermogeno-T3,"Leo, Morgan, Antonio y Perciles ",Red de arrastre
DSC_0481-HET3,Peces Morona Nov-2018/PECES CV1 Y CV2,Nikon 5300,11/20/2018,Synbranchidae,Synbranchus,marmoratus,CV1-079,CV1-Mashumbara ,Hermogeno-T3,"Leo, Morgan, Antonio y Perciles ",Red de arrastre
DSC_0482-HET4,Peces Morona Nov-2018/PECES CV1 Y CV2,Nikon 5300,11/20/2018,Cichlidae,Bujurquina,moriorum,CV1-080,CV1-Mashumbara ,Hermogeno-T4,"Leo, Morgan, Antonio y Perciles ",Red de arrastre
DSC_0483-HET4,Peces Morona Nov-2018/PECES CV1 Y CV2,Nikon 5300,11/20/2018,Cichlidae,Bujurquina,moriorum,CV1-081,CV1-Mashumbara ,Hermogeno-T4,"Leo, Morgan, Antonio y Perciles ",Red de arrastre
DSC_0484-HET4,Peces Morona Nov-2018/PECES CV1 Y CV2,Nikon 5300,11/20/2018,Cichlidae,Bujurquina,moriorum,CV1-082,CV1-Mashumbara ,Hermogeno-T4,"Leo, Morgan, Antonio y Perciles ",Red de arrastre
DSC_0485-HET4,Peces Morona Nov-2018/PECES CV1 Y CV2,Nikon 5300,11/20/2018,Cichlidae,Bujurquina,moriorum,CV1-083,CV1-Mashumbara ,Hermogeno-T4,"Leo, Morgan, Antonio y Perciles ",Red de arrastre
DSC_0486-HET4,Peces Morona Nov-2018/PECES CV1 Y CV2,Nikon 5300,11/20/2018,Cichlidae,Bujurquina,moriorum,CV1-084,CV1-Mashumbara ,Hermogeno-T4,"Leo, Morgan, Antonio y Perciles ",Red de arrastre
DSC_0487-HET4,Peces Morona Nov-2018/PECES CV1 Y CV2,Nikon 5300,11/20/2018,Cichlidae,Bujurquina,moriorum,CV1-085,CV1-Mashumbara ,Hermogeno-T4,"Leo, Morgan, Antonio y Perciles ",Red de arrastre
DSC_0488-HET4,Peces Morona Nov-2018/PECES CV1 Y CV2,Nikon 5300,11/20/2018,Cichlidae,Apistogramma,aff. cruzi,CV1-086,CV1-Mashumbara ,Hermogeno-T4,"Leo, Morgan, Antonio y Perciles ",Red de arrastre
DSC_0489-HET4,Peces Morona Nov-2018/PECES CV1 Y CV2,Nikon 5300,11/20/2018,Characidae,Hyphessobrycon,cf. margitae,CV1-087,CV1-Mashumbara ,Hermogeno-T4,"Leo, Morgan, Antonio y Perciles ",Red de arrastre
DSC_0490-HET4,Peces Morona Nov-2018/PECES CV1 Y CV2,Nikon 5300,11/20/2018,Characidae,Knodus,caquetae,CV1-088,CV1-Mashumbara ,Hermogeno-T4,"Leo, Morgan, Antonio y Perciles ",Red de arrastre
DSC_0491-HET5,Peces Morona Nov-2018/PECES CV1 Y CV2,Nikon 5300,11/20/2018,Cichlidae,Bujurquina,moriorum,CV1-089,CV1-Mashumbara ,Hermogeno-T5,"Leo, Morgan, Antonio y Perciles ",Red de arrastre
DSC_0492-HET5,Peces Morona Nov-2018/PECES CV1 Y CV2,Nikon 5300,11/20/2018,Cichlidae,Bujurquina,moriorum,CV1-090,CV1-Mashumbara ,Hermogeno-T5,"Leo, Morgan, Antonio y Perciles ",Red de arrastre
DSC_0493-HET5,Peces Morona Nov-2018/PECES CV1 Y CV2,Nikon 5300,11/20/2018,Cichlidae,Bujurquina,moriorum,CV1-091,CV1-Mashumbara ,Hermogeno-T5,"Leo, Morgan, Antonio y Perciles ",Red de arrastre
DSC_0494-HET5,Peces Morona Nov-2018/PECES CV1 Y CV2,Nikon 5300,11/20/2018,Characidae,Moenkhausia,comma,CV1-092,CV1-Mashumbara ,Hermogeno-T5,"Leo, Morgan, Antonio y Perciles ",Red de arrastre
DSC_0495-HET5,Peces Morona Nov-2018/PECES CV1 Y CV2,Nikon 5300,11/20/2018,Characidae,Moenkhausia,comma,CV1-093,CV1-Mashumbara ,Hermogeno-T5,"Leo, Morgan, Antonio y Perciles ",Red de arrastre
DSC_0496-HET5 DSC_0497-HET5,Peces Morona Nov-2018/PECES CV1 Y CV2,Nikon 5300,11/20/2018,Auchenipteridae,Tatia,dunni,CV1-094,CV1-Mashumbara ,Hermogeno-T5,"Leo, Morgan, Antonio y Perciles ",Red de arrastre
DSC_0498-HET5,Peces Morona Nov-2018/PECES CV1 Y CV2,Nikon 5300,11/20/2018,Auchenipteridae,Trachelyopterus,galeatus,CV1-095,CV1-Mashumbara ,Hermogeno-T5,"Leo, Morgan, Antonio y Perciles ",Red de arrastre
DSC_0499-HET5,Peces Morona Nov-2018/PECES CV1 Y CV2,Nikon 5300,11/20/2018,Auchenipteridae,Tatia,sp. 1,CV1-096,CV1-Mashumbara ,Hermogeno-T5,"Leo, Morgan, Antonio y Perciles ",Red de arrastre
DSC_0500-HET5,Peces Morona Nov-2018/PECES CV1 Y CV2,Nikon 5300,11/20/2018,Cichlidae,Apistogramma,aff. cruzi,CV1-097,CV1-Mashumbara ,Hermogeno-T5,"Leo, Morgan, Antonio y Perciles ",Red de arrastre
DSC_0501-HET5,Peces Morona Nov-2018/PECES CV1 Y CV2,Nikon 5300,11/20/2018,Cichlidae,Apistogramma,aff. cruzi,CV1-098,CV1-Mashumbara ,Hermogeno-T5,"Leo, Morgan, Antonio y Perciles ",Red de arrastre
DSC_0502-HET5,Peces Morona Nov-2018/PECES CV1 Y CV2,Nikon 5300,11/20/2018,Cichlidae,Apistogramma,aff. cruzi,CV1-099,CV1-Mashumbara ,Hermogeno-T5,"Leo, Morgan, Antonio y Perciles ",Red de arrastre
DSC_0503-HET5,Peces Morona Nov-2018/PECES CV1 Y CV2,Nikon 5300,11/20/2018,Callichthyidae,Corydoras,aeneus,CV1-100,CV1-Mashumbara ,Hermogeno-T5,"Leo, Morgan, Antonio y Perciles ",Red de arrastre
DSC_0504-HET5,Peces Morona Nov-2018/PECES CV1 Y CV2,Nikon 5300,11/20/2018,Callichthyidae,Corydoras,aeneus,CV1-101,CV1-Mashumbara ,Hermogeno-T5,"Leo, Morgan, Antonio y Perciles ",Red de arrastre
DSC_0505-HET5,Peces Morona Nov-2018/PECES CV1 Y CV2,Nikon 5300,11/20/2018,Characidae,Knodus,caquetae,CV1-102,CV1-Mashumbara ,Hermogeno-T5,"Leo, Morgan, Antonio y Perciles ",Red de arrastre
DSC_0506-HET5,Peces Morona Nov-2018/PECES CV1 Y CV2,Nikon 5300,11/20/2018,Characidae,Knodus,caquetae,CV1-103,CV1-Mashumbara ,Hermogeno-T5,"Leo, Morgan, Antonio y Perciles ",Red de arrastre
DSC_0507-HET5,Peces Morona Nov-2018/PECES CV1 Y CV2,Nikon 5300,11/20/2018,Characidae,Knodus,caquetae,CV1-104,CV1-Mashumbara ,Hermogeno-T5,"Leo, Morgan, Antonio y Perciles ",Red de arrastre
DSC_0508-HET5,Peces Morona Nov-2018/PECES CV1 Y CV2,Nikon 5300,11/20/2018,Hypopomidae,Brachyhypopomus,brevirostris,CV1-105,CV1-Mashumbara ,Hermogeno-T5,"Leo, Morgan, Antonio y Perciles ",Red de arrastre
DSC_0509-HET5,Peces Morona Nov-2018/PECES CV1 Y CV2,Nikon 5300,11/20/2018,Characidae,Knodus,caquetae,CV1-106,CV1-Mashumbara ,Hermogeno-T5,"Leo, Morgan, Antonio y Perciles ",Red de arrastre
DSC_0510-HET5,Peces Morona Nov-2018/PECES CV1 Y CV2,Nikon 5300,11/20/2018,Loricariidae,Farlowella ,platorynchus,CV1-107,CV1-Mashumbara ,Hermogeno-T5,"Leo, Morgan, Antonio y Perciles ",Red de arrastre
DSC_0511-HET5,Peces Morona Nov-2018/PECES CV1 Y CV2,Nikon 5300,11/20/2018,Heptapteridae,Pimelodella,sp. 2,CV1-108,CV1-Mashumbara ,Hermogeno-T5,"Leo, Morgan, Antonio y Perciles ",Red de arrastre
DSC_0512-HET6,Peces Morona Nov-2018/PECES CV1 Y CV2,Nikon 5300,11/20/2018,Characidae,Moenkhausia,comma,CV1-109,CV1-Mashumbara ,Hermogeno-T6,"Leo, Morgan, Antonio y Perciles ",Red de arrastre
DSC-0239-CHT4,Peces Morona Nov-2018/PECES CV1 Y CV2,Nikon 5300,11/18/2018,Lebiasinidae,Pyrrhulina,cf. brevis,CV1-030,CV1-Mashumbara ,Chapintsa-T4,"Leo, Morgan, Antonio y Perciles ",Red de arrastre
DSC-0456-HET3,Peces Morona Nov-2018/PECES CV1 Y CV2,Nikon 5300,11/20/2018,Cichlidae,Bujurquina,moriorum,CV1-065,CV1-Mashumbara ,Hermogeno-T3,"Leo, Morgan, Antonio y Perciles ",Red de arrastre